A-N_Bill-Sullivan,A-N_William-Sullivan,,,,,
A-N_Edward-Barnholt,A-N_Ned-Barnholt,,,,,
AAN-N_Charles-Loudermilk,AAN-N_Charlie-Loudermilk,,,,,
AAN-N_Ron-Allen,,,,,,
AAP-N_Darren-Jackson,,,,,,
AAP-N_Larry-Castellani,,,,,,
AAP-N_Mike-Coppola,,,,,,
AAPL-OQ_Tim-Cook,,,,,,
AAWW-OQ_Bill-Flynn,AAWW-OQ_William-Flynn,AAWW-OQ_William-J-Flynn,,,,
AAXN-OQ_Patrick-Smith,AAXN-OQ_Rick-Smith,,,,,
ABAX-OQ_Clint-Severson,ABAX-OQ_Clinton-Severson,,,,,
ABC-N_Dave-Yost,ABC-N_David-Yost,ABC-N_R-David-Yost,,,,
ABC-N_Steve-Collis,ABC-N_Steven-Collis,,,,,
ABM-N_Henrick-Slipsager,ABM-N_Henrik-Slipsager,,,,,
ABMD-OQ_Michael-Minogue,ABMD-OQ_Mike-Minogue,ABMD-OQ_Mike-Monogue,,,,
ABT-N_Fred-Lampropoulos,,,,,,
ABT-N_Miles-White,,,,,,
ABVT-KxG12_Bill-LaPerch,ABVT-KxG12_William-LaPerch,,,,,
ACET-OQ_Albert-Eilender,,,,,,
ACET-OQ_Len-Schwartz,ACET-OQ_Leonard-Schwartz,,,,,
ACET-OQ_Vincent-Miata,,,,,,
ACIW-OQ_Greg-Derkacht,ACIW-OQ_Gregory-D-Derkacht,,,,,
ACIW-OQ_Phiilip-Heasley,ACIW-OQ_Phil-Heasley,ACIW-OQ_Philip-G-Heasley,ACIW-OQ_Philip-Heasley,ACIW-OQ_Phillip-Heasley,,
ACLS-OQ_Mary-Puma,,,,,,
ACM-N_John-Dionisio,ACM-N_John-M-Dionisio,,,,,
ACO-NxE14_Larry-Waschow,ACO-NxE14_Larry-Washow,ACO-NxE14_Lawrence-Washow,,,,
ACO-NxE14_Ryan-McKendrick,,,,,,
ACOR-OQ_Dr-Ron-Cohen,ACOR-OQ_Ron-Cohen,ACOR-OQ_Ron-Cohen-MD,,,,
ACSxB10_Jeff-Rich,ACSxB10_Jeffrey-Rich,,,,,
ACSxB10_Lynn-Blodgett,,,,,,
ACTL-OxK10_John-East,,,,,,
ACV-NxK06_Howard-B-Bernick,ACV-NxK06_Howard-Bernick,,,,,
ACV-NxK06_James-Marino,ACV-NxK06_Jim-Marino,,,,,
ACXM-OQ_Charles-Morgan,,,,,,
ACXM-OQ_John-Meyer,,,,,,
ACXM-OQ_Scott-Howe,,,,,,
ADBE-OQ_Bruce-Chizen,,,,,,
ADBE-OQ_Shantanu-Narayen,,,,,,
ADCT-OQxL10_Bob-Switz,,,,,,
ADCT-OQxL10_Ralph-Faison,,,,,,
ADI-OQ_Jerald-Fishman,ADI-OQ_Jerald-G-Fishman,ADI-OQ_Jerry-Fishman,,,,
ADM-N_Pat-Woertq,ADM-N_Pat-Woertz,ADM-N_Patricia-Pat-Woertz,ADM-N_Patricia-A-Woertz,ADM-N_Patricia-Woertz,,
ADP-OQ_Art-Weinbach,ADP-OQ_Arthur-F-Weinbach,ADP-OQ_Arthur-Weinbach,,,,
ADP-OQ_Carlos-Rodriguez,,,,,,
ADP-OQ_Gary-Butler,,,,,,
ADS-N_Ed-Heffernan,ADS-N_Edward-Heffernan,,,,,
ADS-N_Michael-Park,ADS-N_Michael-Parks,ADS-N_Mike-Parks,,,,
ADSK-OQ_Carl-Bass,,,,,,
ADSK-OQ_Carol-Bartz,,,,,,
ADTN-OQ_Mark-Smith,,,,,,
ADTN-OQ_Mr-Tom-Stanton,ADTN-OQ_Tom-Stanton,,,,,
ADTxE16_Naren-Gursahaney,,,,,,
ADVS-OxG15_Stephanie-DiMarco,ADVS-OxG15_Stephanie-G-DiMarco,,,,,
AEE-N_Gary-Rainwater,,,,,,
AEE-N_Thomas-Voss,AEE-N_Tom-Voss,,,,,
AEGN-OQ_Joe-Burgess,AEGN-OQ_Joseph-Burgess,,,,,
AEGN-OQ_Thomas-Rooney,AEGN-OQ_Tom-Rooney,AEGN-OQ_Tom-Rooney-Jr,,,,
AEIS-OQ_Doug-Schatz,AEIS-OQ_Douglas-Schatz,,,,,
AEIS-OQ_Garry-Rogerson,,,,,,
AEIS-OQ_Hans-Betz,AEIS-OQ_Hans-Georg-Betz,,,,,
AEO-N_James-ODonnell,AEO-N_Jim-ODonnell,,,,,
AEO-N_Robert-Hanson,,,,,,
AEP-N_Michael-Morris,AEP-N_Mike-Morris,,,,,
AEP-N_Nicholas-Akins,AEP-N_Nick-Akins,,,,,
AES-N_Andres-Gluski,,,,,,
AES-N_Paul-Hanrahan,,,,,,
AET-N_Dale-Wolf,,,,,,
AET-N_Dr-Jack-Rowe,AET-N_Jack-Rowe,,,,,
AET-N_Mark-Bertolini,,,,,,
AET-N_Ron-Williams,AET-N_Ronald-Williams,,,,,
AF-N_George-Engelke,AF-N_George-Engelke-Jr,AF-N_George-L-Engelke,AF-N_George-L-Engelke-Jr,,,
AF-N_Monte-Redman,,,,,,
AFAM-OQ_William-Yarmuth,,,,,,
AFFX-OxD16_Kevin-King,,,,,,
AFFX-OxD16_Stephen-Fodor,AFFX-OxD16_Dr-Steve-Fodor-PhD,AFFX-OxD16_Steve-Fodor,AFFX-OxD16_Steve-Fodor-PhD,,,
AFG-N_Carl-Linder-III,AFG-N_Carl-Lindner,AFG-N_Carl-Lindner-III,,,,
AFL-N_Dan-Amos,AFL-N_Daniel-Amos,,,,,
AGCO-N_Martin-Richehagen,AGCO-N_Martin-Richenhagen,,,,,
AGL-NxH08_Stephen-OHara,AGL-NxH08_Steve-O-Hara,AGL-NxH08_Steve-OHara,,,,
AGN-N_Dr-Allen-Chao,,,,,,
AGPxL12_Jeff-McWaters,AGPxL12_Jeffrey-McWaters,,,,,
AGPxL12_Jim-Carlson,,,,,,
AGYS-OQ_Arthur-Rhein,,,,,,
AGYS-OQ_James-Dennedy,AGYS-OQ_Jim-Dennedy,,,,,
AHC-N_Robert-Decherd,,,,,,
AHG-NxJ08_Lawrence-Higby,AHG-NxJ08_Larry-Higby,AHG-NxJ08_Mr-Lawrence-Higby,,,,
AIG-N_Bob-Benmosche,,,,,,
AIG-N_Ed-Liddy,,,,,,
AIG-N_Martin-Sullivan,,,,,,
AIN-N_Dr-Joe-Morone,AIN-N_Dr-Joseph-Morone,AIN-N_Joe-Morone,AIN-N_Joseph-Morone,,,
AIN-N_Frank-Schmeler,,,,,,
AIR-N_David-Storch,,,,,,
AIRM-OxD17_Aaron-Todd,,,,,,
AIT-N_Dave-Pugh,AIT-N_David-Pugh,,,,,
AIT-N_Neil-Schrimscher,AIT-N_Neil-Schrimsher,,,,,
AIZ-N_Rob-Pollock,AIZ-N_Robert-B-Pollock,AIZ-N_Robert-Pollock,,,,
AJG-N_J-Patrick-Gallagher,AJG-N_J-Patrick-Gallagher-Jr,AJG-N_Pat-Gallagher,AJG-N_Pat-Gallagher-Jr,AJG-N_Patrick-Gallagher,AJG-N_Patrick-Gallagher-Jr,
AKAM-OQ_Paul-Sagan,,,,,,
AKAM-OQ_Tom-Leighton,,,,,,
AKRX-OQ_Raj-Rai,,,,,,
AKS-N_James-Wainscott,AKS-N_James-L-Wainscott,AKS-N_James-Wainscott,AKS-N_Jim-Wainscott,AKS-N_Jim-L-Wainscott,AKS-N_Jim-Wainscott,
ALB-N_Luke-Kissam,,,,,,
ALB-N_Mark-C-Rohr,ALB-N_Mark-Rohr,ALB-N_Mark-Rorh,,,,
ALE-N_Al-Hodnik,ALE-N_Alan-Hodnik,,,,,
ALE-N_Don-Shippar,ALE-N_Donald-J-Shippar,ALE-N_Donald-Shippar,,,,
ALEX-N_Allen-Doane,,,,,,
ALEX-N_Stan-Kuriyama,,,,,,
ALGN-OQ_Thomas-M-Prescott,ALGN-OQ_Thomas-Prescott,ALGN-OQ_Thomas-Tom-Prescott,ALGN-OQ_Tom-Prescott,,,
ALGT-OQ_Maurice-Gallagher,ALGT-OQ_Maury-Gallagher,,,,,
ALK-N_Bill-Ayer,ALK-N_William-Ayer,,,,,
ALK-N_Brad-Tilden,,,,,,
ALL-N_Tom-Wilson,,,,,,
ALOG-OQ_James-Green,ALOG-OQ_Jim-Green,,,,,
ALOG-OQ_John-Wood,,,,,,
ALTR-OxL15_John-Daane,ALTR-OxL15_John-P-Daane,,,,,
ALXN-OQ_Dr-Leonard-Bell,ALXN-OQ_Lenny-Bell,ALXN-OQ_Leonard-Bell,ALXN-OQ_Leonard-Bell-MD,,,
AMAT-OQ_Gary-Dickerson,,,,,,
AMAT-OQ_Michael-Splinter,AMAT-OQ_Mike-Splinter,,,,,
AMCC-OxA17_Dave-Rickey,AMCC-OxA17_David-Rickey,,,,,
AMCC-OxA17_Kambiz-Hooshmand,,,,,,
AMCC-OxA17_Paramesh-Gopi,AMCC-OxA17_Dr-Paramesh-Gopi,,,,,
AMD-OQ_Dirk-Meyer,,,,,,
AMD-OQ_Hector-Ruiz,,,,,,
AMD-OQ_Rory-Read,,,,,,
AME-N_Frank-Hermace,AME-N_Frank-Hermance,,,,,
AMED-OQ_Bill-Borne,,,,,,
AMG-N_Sean-Healey,,,,,,
AMGN-OQ_Bob-Bradway,,,,,,
AMGN-OQ_Kevin-Sharer,,,,,,
AMGTB-PKxH13_Zev-Weiss,,,,,,
AMN-N_Susan-Salka,,,,,,
AMP-N_Jim-Cracchiolo,,,,,,
AMRI-OQ_Dr-Thomas-DAmbra,AMRI-OQ_Dr-Thomas-DAmbra-Ph-D,AMRI-OQ_Thomas-DAmbra,AMRI-OQ_Thomas-DAmbra-PhD,AMRI-OQ_Tom-DAmbra,,
AMSF-OQ_Allen-Bradley,,,,,,
AMSG-OxL16_Chris-Holden,,,,,,
AMSG-OxL16_Ken-McDonald,AMSG-OxL16_Ken-P-McDonald,,,,,
AMT-N_James-Taiclet,AMT-N_Jim-Taicle,AMT-N_Jim-Taiclet,,,,
AMTD-OQ_Fred-Tomczyk,AMTD-OQ_Fredric-J-Tomczyk,,,,,
AMTD-OQ_Joseph-Moglia,AMTD-OQ_Joe-Moglia,,,,,
AMWD-OQ_Kent-Guichard,,,,,,
AMZN-OQ_Jeff-Bezos,AMZN-OQ_Jeffrey-Bezos,,,,,
AN-N_Michael-Jackson,AN-N_Mike-Jackson,,,,,
ANDE-OQ_Mike-Anderson,,,,,,
ANF-N_Michael-Jeffries,ANF-N_Mike-Jefferies,ANF-N_Mike-Jeffries,,,,
ANIK-OQ_Charles-Sherwood,ANIK-OQ_Charles-Sherwood-MD,ANIK-OQ_Dr-Charles-Sherwood,,,,
ANNxH15_Katherine-Krill,ANNxH15_Kay-Krill,,,,,
ANRZQ-PKxG16_Kevin-Crutchfield,,,,,,
ANRZQ-PKxG16_Michael-Quillen,ANRZQ-PKxG16_Mike-Quillen,,,,,
ANSS-OQ_James-Cashman,ANSS-OQ_James-E-Cashman-III,ANSS-OQ_Jim-Cashman,ANSS-OQ_Jim-Cashman,,,
ANTM-N_Angela-Braly,,,,,,
ANTM-N_Larry-Glasscock,,,,,,
AOI-N_Brian-Harker,,,,,,
AOLxF15_Tim-Armstrong,,,,,,
AOS-N_Bob-OToole,,,,,,
AOS-N_Paul-Jones,,,,,,
APA-N_Steve-Farris,APA-N_Steven-Farris,APA-N_Steven-Steve-Farris,,,,
APC-N_Al-Walker,,,,,,
APC-N_James-Hackett,APC-N_Jim-Hackett,,,,,
APD-N_John-McGlade,,,,,,
APEI-OQ_Dr-Wallace-Boston,APEI-OQ_Wallace-Boston,APEI-OQ_Wallace-Boston-Jr,APEI-OQ_Wally-Boston,,,
APFC-OxB14_Joe-Carleone,APFC-OxB14_Dr-Joseph-Joe-Carleone,,,,,
APH-N_Adam-Norwitt,,,,,,
APH-N_Martin-Loeffler,,,,,,
APOG-OQ_Joe-Puishys,,,,,,
APOG-OQ_Russ-Huffer,APOG-OQ_Russell-Huffer,,,,,
APOL-OxB17_Charles-B-Edelstein,APOL-OxB17_Charles-Chas-Edelstein,APOL-OxB17_Charles-Edelstein,APOL-OxB17_Chas-Edelstein,APOL-OxB17_Chaz-Edelstein,,
APOL-OxB17_Greg-Cappelli,,,,,,
APOL-OxB17_Todd-Nelson,,,,,,
AppliedBiosystemsInc_Tony-White,,,,,,
ARBA-OQxJ12_Bob-Calderoni,,,,,,
ARCB-OQ_Bob-Davidson,,,,,,
ARCB-OQ_Judy-McReynolds,ARCB-OQ_Judy-R-McReynolds,,,,,
ARCB-OQ_Robert-A-Young-III,ARCB-OQ_Robert-Young,,,,,
ARCH-N_Steven-Leer,ARCH-N_Steve-Leer,,,,,
AREX-OQ_Ross-Craft,AREX-OQ_J-Ross-Craft,,,,,
ARGxE16_Peter-McCausland,ARGxE16_Peter-McCauseland,,,,,
ARJxJ11_Michael-Campbell,ARJxJ11_Mike-Campbell,,,,,
AROC-N_Brad-Childers,AROC-N_Bradley-Childers,,,,,
AROC-N_Chad-Deaton,,,,,,
ARTC-OxE14_David-Fitzgerald,ARTC-OxE14_David-Fitgerald,,,,,
ARTC-OxE14_Michael-Baker,ARTC-OxE14_Mike-Baker,,,,,
ARW-N_Michael-Long,ARW-N_Mike-Long,,,,,
ARW-N_William-Mitchell,,,,,,
ASB-N_Paul-Beideman,ASB-N_Paul-Beidman,,,,,
ASB-N_Phil-Flynn,ASB-N_Philip-Flynn,,,,,
ASEI-OxI16_Anthony-Fabiano,,,,,,
ASGN-N_Peter-Dameris,ASGN-N_Peter-Demaris,,,,,
ASNA-OQ_David-Jaffe,ASNA-OQ_David-Jaffee,,,,,
ASTE-OQ_Don-Brock,ASTE-OQ_Dr-Don-Brock,ASTE-OQ_Dr-J-Don-Brock,ASTE-OQ_J-Don-Brock,,,
ASVI-OQxC08_Gary-Lemke,,,,,,
ATI-N_Pat-Hassey,ATI-N_Patrick-Hassey,,,,,
ATI-N_Rich-Harshman,ATI-N_Richard-Harshman,,,,,
ATML-OxD16_George-Perlegos,,,,,,
ATML-OxD16_Steven-Laub,ATML-OxD16_Steve-Laub,,,,,
ATNI-OQ_Michael-Prior,,,,,,
ATO-N_Kim-Cocklin,,,,,,
ATO-N_Robert-Best,,,,,,
ATR-N_Carl-Siebel,,,,,,
ATR-N_Peter-Pfeiffer,,,,,,
ATR-N_Stephen-Hagge,ATR-N_Steve-Hagge,,,,,
ATRS-OxD07_Greg-Butterfield,,,,,,
ATU-N_Bob-Arzbaecher,ATU-N_Robert-Arzbaecher,,,,,
ATVI-OQ_Bobby-Kotick,ATVI-OQ_Robert-A-Kotick,ATVI-OQ_Robert-Kotick,,,,
ATW-N_John-Irwin,,,,,,
ATW-N_Rob-Saltiel,,,,,,
AV-NxJ07_Donald-Peterson,AV-NxJ07_Don-Peterson,,,,,
AV-NxJ07_Kevin-Kennedy,,,,,,
AVA-N_Gary-Ely,,,,,,
AVA-N_Scott-Morris,,,,,,
AVAV-OQ_Tim-Conver,AVAV-OQ_Timothy-Conver,AVAV-OQ_Tom-Conver,,,,
AVCT-OxL09_John-Cooper,,,,,,
AVD-N_Eric-Wintemute,,,,,,
AVID-OQ_David-Krall,,,,,,
AVID-OQ_Gary-Greenfield,,,,,,
AVID-OQ_Patti-Hart,,,,,,
AVP-N_Andrea-Jung,,,,,,
AVP-N_Sheri-McCoy,,,,,,
AVT-N_Rick-Hamada,,,,,,
AVT-N_Roy-Vallee,,,,,,
AVX-N_John-Gilbertson,,,,,,
AVY-N_Arthur-Hershaft,,,,,,
AVY-N_Dean-Scarborough,,,,,,
AVY-N_Rob-van-der-Merwe,,,,,,
AWK-N_Jeff-Sterba,AWK-N_Jeffry-Sterba,,,,,
AWR-N_Bob-Sprowls,,,,,,
AWR-N_Floyd-Hicks,AWR-N_Floyd-Wicks,,,,,
AWRE-OQ_Michael-Tzannes,AWRE-OQ_Michael-Tzannes-PhD,,,,,
AXE-N_Bob-Eck,AXE-N_Bob-Eck,AXE-N_Robert-Eck,,,,
AXE-N_Bob-Grubbs,AXE-N_Bob-Grubbs-Jr,AXE-N_Robert-Grubbs,AXE-N_Robert-Grubbs-Jr,,,
AXLL-KxH16_Edward-A-Schmitt,AXLL-KxH16_Ed-Schmitt,,,,,
AXLL-KxH16_Larry-Blanford,AXLL-KxH16_Jim-Blanford,,,,,
AXLL-KxH16_Paul-Carrico,,,,,,
AXP-N_Ken-Chenault,AXP-N_Kenneth-Chenault,,,,,
AXTI-OQ_Philip-Yin,AXTI-OQ_Phil-Yin,AXTI-OQ_Dr-Phil-Yin,AXTI-OQ_Dr-Phil-Yin-Ph-D,,,
AXYS-OxI09_Stephen-Bershad,AXYS-OxI09_Stephen-W-Bershad,AXYS-OxI09_Steve-Bershad,,,,
AYExB11_Paul-Evanson,,,,,,
AYI-N_Jim-Balloun,,,,,,
AYI-N_John-Morgan,,,,,,
AYI-N_Vern-Nagel,AYI-N_Vernon-Nagel,,,,,
AZO-N_Bill-Rhodes,AZO-N_Bill-Rhodes,AZO-N_William-Rhodes,AZO-N_William-Rhodes-III,,,
AZPN-OQ_Mark-Fusco,,,,,,
AZR-NxA07_Paul-Rubeli,,,,,,
AZZ-N_David-Dingus,,,,,,
B-N_Ed-Carpenter,,,,,,
B-N_Greg-Milzcik,,,,,,
BA-N_Harry-C-Stonecipher,BA-N_Harry-Stonecipher,,,,,
BA-N_Jim-McNerney,,,,,,
BABY-OQ_James-Hawkins,BABY-OQ_Jim-Hawkins,,,,,
BAC-N_Angelo-Mozilo,,,,,,
BAC-N_Brian-Moynihan,,,,,,
BAC-N_Ken-Lewis,BAC-N_Kenneth-Lewis,,,,,
BANR-OQ_Mark-Grescovich,,,,,,
BAS-N_Ken-Huseman,,,,,,
BAX-N_Bob-Parkinson,BAX-N_Robert-Parkinson,,,,,
BBAO-PKxI08_James-Carreker,BBAO-PKxI08_James-D-Carreker,BBAO-PKxI08_Jim-Carreker,,,,
BBG-N_Bill-Barrett,,,,,,
BBOX-OQ_Fred-Young,,,,,,
BBOX-OQ_Terry-Blakemore,,,,,,
BBT-N_John-Allison,BBT-N_John-Allison-IV,,,,,
BBT-N_Kelly-King,,,,,,
BBXxL16_Alan-Levan,BBXxL16_Alan-B-Levan,,,,,
BBY-N_Brad-Anderson,,,,,,
BBY-N_Brian-Dunn,,,,,,
BBY-N_Hubert-Joly,,,,,,
BC-N_Dustan-McCoy,BC-N_Dusty-McCoy,,,,,
BCC-N_Thomas-Carlile,BCC-N_Tom-Carlile,,,,,
BCO-N_Michael-Dan,,,,,,
BCO-N_Thomas-Schievelbein,BCO-N_Tom-Schievelbein,,,,,
BCOR-OQ_Bill-Ruckelshaus,BCOR-OQ_Bill-Ruckleshaus,,,,,
BCPC-OQ_Dino-A-Rossi,BCPC-OQ_Dino-Rossi,,,,,
BCR-N_Tim-Ring,BCR-N_Timorthy-Ring,BCR-N_Timothy-M-Ring,BCR-N_Timothy-Ring,,,
BCSI-OxB12_Brian-NeSmith,BCSI-OxB12_Brian-NeSmith-NeSmith,,,,,
BDC-N_Baker-Cunningham,,,,,,
BDC-N_John-Stroup,,,,,,
BDK-NxC10_Nolan-Archibald,,,,,,
BDX-N_Ed-Ludwig,BDX-N_Edward-Ludwig,,,,,
BDX-N_Vince-Forlenza,,,,,,
BDY-NxB08_Daniel-Glassman,BDY-NxB08_Dan-Glassman,,,,,
BEAM-KxE14_Bruce-Carbonari,,,,,,
BEAM-KxE14_Norman-Wesley,BEAM-KxE14_Norm-Wesley,,,,,
BEAV-OxD17_Amin-Khoury,,,,,,
BEAV-OxD17_Bob-Khoury,,,,,,
BECxF11_Jack-Wareham,,,,,,
BECxF11_Scott-Garrett,,,,,,
BELFA-OQ_Dan-Bernstein,BELFA-OQ_Daniel-Bernstein,,,,,
BELM-OxG10_Don-Bell,BELM-OxG10_W-Donald-Bell,,,,,
BEN-N_Greg-Johnson,BEN-N_Greg-Johnson,BEN-N_Gregory-Johnson,,,,
BEZxA11_John-McFarland,,,,,,
BFb-N_Owsley-Brown,,,,,,
BFb-N_Paul-Varga,BFb-N_Paul-Varga,BFb-N_Paul-Vargas,,,,
BGC-N_Greg-Kenny,BGC-N_Gregory-B-Kenny,BGC-N_Gregory-Greg-Kenny,BGC-N_Gregory-Kenny,,,
BGFV-OQ_Steve-Miller,BGFV-OQ_Steven-Miller,,,,,
BGG-N_John-Shiely,,,,,,
BGG-N_Todd-Teske,,,,,,
BGPIQ-PKxA12_George-Jones,,,,,,
BGPIQ-PKxA12_Gregory-Josefowicz,BGPIQ-PKxA12_Greg-Josefowicz,,,,,
BGS-N_Dave-Wenner,BGS-N_David-Wenner,BGS-N_David-L-Wenner,BGS-N_David-Wenner,,,
BH-N_Peter-Dunn,,,,,,
BHE-N_Cary-Fu,,,,,,
BHE-N_Gayla-Delly,,,,,,
BHI-N_J-W-Stewart,,,,,,
BHI-N_Martin-Craighead,,,,,,
BHI-N_Mike-Wiley,,,,,,
BID-N_Bill-Ruprecht,,,,,,
BIG-N_Mike-Potter,,,,,,
BIG-N_Steve-Fishman,BIG-N_Steven-Fishman,,,,,
BIIB-OQ_George-Scangos,BIIB-OQ_Dr-George-Scangos,,,,,
BIIB-OQ_Jim-Mullen,,,,,,
BJRI-OQ_Gerald-Deitchle,,,,,,
BJxJ11_Herb-Zarkin,,,,,,
BJxJ11_Michael-Wedge,BJxJ11_Mike-Wedge,,,,,
BK-N_Bob-Kelly,BK-N_Robert-Kelly,,,,,
BK-N_Martin-McGuinn,BK-N_Marty-McGuinn,,,,,
BK-N_Thomas-Renyi,BK-N_Tom-Renyi,,,,,
BKE-N_Dennis-Nelson,,,,,,
BKH-N_Dave-Emery,BKH-N_David-Emery,,,,,
BKIxH13_David-Ferraro,BKIxH13_Dave-Ferraro,,,,,
BKIxH13_John-Crowe,,,,,,
BKS-N_Stephen-Riggio,BKS-N_Steve-Riggio,,,,,
BKWxL14_John-Chidsey,,,,,,
BLGM-PKxA10_Robert-Mellor,BLGM-PKxA10_Rob-Mellor,BLGM-PKxA10_Robert-E-Mellor,,,,
BLIAQ-PK_John-Antioco,,,,,,
BLK-N_Larry-Fink,BLK-N_Laurence-Fink,BLK-N_Laurence-D-Fink,BLK-N_Laurence-Fink,,,
BLKB-OQ_Marc-Chardon,,,,,,
BLL-N_Dave-Hoover,BLL-N_David-Hoover,BLL-N_R-David-Hoover,,,,
BLL-N_John-Hayes,,,,,,
BLTxD16_Joshua-Collins,BLTxD16_Josh-Collins,,,,,
BLUD-OxH11_Edward-Gallup,BLUD-OxH11_Edward-L-Gallup,,,,,
BLUD-OxH11_Nino-DeChirico,BLUD-OxH11_Dr-Nino-DeChirico,BLUD-OxH11_Dr-Nino-De-Chirico,BLUD-OxH11_Nino-De-Chirico,,,
BMC-OxI13_Robert-Beauchamp,BMC-OxI13_Bob-Beauchamp,,,,,
BMI-N_Rich-Meeusen,BMI-N_Richard-Meeusen,,,,,
BMS-N_Henry-J-Theisen,BMS-N_Henry-Theisen,BMS-N_Henry-Theissen,,,,
BMS-N_Jeff-Curler,BMS-N_Jeffrey-Curler,,,,,
BMY-N_James-Cornelius,BMY-N_James-M-Cornelius,BMY-N_Jim-Cornelius,,,,
BMY-N_Lamberto-Andreotti,,,,,,
BMY-N_Peter-Dolan,,,,,,
BN-NxA07_Stephanie-Streeter,BN-NxA07_Stephanie-A-Streeter,,,,,
BOBE-OQ_Steve-Davis,BOBE-OQ_Steven-Davis,,,,,
BOBE-OQ_Stewart-Owens,,,,,,
BOFI-OQ_Greg-Garrabrants,BOFI-OQ_Gregory-Garrabrants,,,,,
BOH-N_Al-Landon,BOH-N_Allan-Landon,BOH-N_Allan-R-Landon,,,,
BOH-N_Michael-ONeill,BOH-N_Mike-ONeill,,,,,
BOH-N_Peter-Ho,,,,,,
BORL-OxH09_Dale-Fuller,,,,,,
BPFH-OQ_Clay-Deutsch,BPFH-OQ_Clayton-Deutsch,BPFH-OQ_Clayton-Deutsche,,,,
BPFH-OQ_Tim-Vaill,BPFH-OQ_Timothy-Vaill,,,,,
BR-N_Rich-Daly,BR-N_Richard-Daly,,,,,
BRCD-OQ_Lloyd-Carney,,,,,,
BRCD-OQ_Michael-Klayko,BRCD-OQ_Mike-Klayko,,,,,
BRCM-OxB16_Alan-Ross,BRCM-OxB16_Lanny-Ross,,,,,
BRCM-OxB16_Scott-McGregor,,,,,,
BRKL-OQ_Paul-Perrault,,,,,,
BRKS-OQ_Bob-Therrien,,,,,,
BRKS-OQ_Robert-Lepofsky,,,,,,
BRKS-OQ_Stephen-Schwartz,BRKS-OQ_Steve-Schwartz,,,,,
BRL-NxL08_Bruce-Downer,BRL-NxL08_Bruce-Downey,,,,,
BRLI-OxH15_Marc-Grodman,BRLI-OxH15_Marc-Grodman-MD,BRLI-OxH15_Dr-Marc-Grodman,,,,
BRO-N_Hyatt-Brown,BRO-N_J-Hyatt-Brown,,,,,
BRO-N_Powell-Brown,,,,,,
BRS-N_Bill-Chiles,BRS-N_William-Chiles,,,,,
BSX-N_Hank-Kucheman,,,,,,
BSX-N_James-Tobin,BSX-N_Jim-Tobin,,,,,
BSX-N_Michael-Mahoney,BSX-N_Mike-Mahoney,,,,,
BSX-N_Ray-Elliott,,,,,,
BTU-N_Greg-Boyce,,,,,,
BTU-N_Irl-Engelhardt,,,,,,
BucyrusInternationalInc_Tim-Sullivan,BucyrusInternationalInc_Timothy-W-Sullivan,,,,,
BWA-N_James-Verrier,BWA-N_James-Verrier,,,,,
BWA-N_Tim-Manganello,BWA-N_Timothy-Magnanello,,,,,
BWLD-OQ_Sally-Smith,,,,,,
BXS-N_Aubrey-Patterson,,,,,,
BXS-N_Dan-Rollins,,,,,,
BYD-N_Bill-Boyd,,,,,,
BYD-N_Keith-Smith,,,,,,
BZH-N_Allan-Merrill,,,,,,
BZH-N_Ian-McCarthy,,,,,,
C-N_Charles-Prince,C-N_Chuck-Prince,,,,,
C-N_Mike-Corbat,,,,,,
C-N_Vikram-Pandit,,,,,,
CA-OQ_Bill-McCracken,,,,,,
CA-OQ_John-Swainson,,,,,,
CA-OQ_Mike-Gregoire,,,,,,
CAA-N_Ken-Campbell,CAA-N_Kenneth-Campbell,,,,,
CAA-N_Scott-Stowell,,,,,,
CAA-N_Stephen-Scarborough,CAA-N_Steve-Scarborough,,,,,
CAB-N_Dennis-Highby,,,,,,
CAB-N_Thomas-Millner,CAB-N_Tommy-Millner,CAB-N_Tommy-Milner,,,,
CACI-N_JP-London,,,,,,
CACI-N_Paul-Cofoni,CACI-N_Paul-Confoni,,,,,
CAG-N_Bruce-Rohde,,,,,,
CAG-N_Gary-Rodkin,,,,,,
CAH-N_Bob-Walker,CAH-N_Robert-Walter,CAH-N_Bob-Walter,,,,
CAH-N_George-Barrett,,,,,,
CAH-N_Kerry-Clark,,,,,,
CAKE-OQ_David-Overton,,,,,,
CAL-N_Diane-Sullivan,,,,,,
CAL-N_Ron-Fromm,CAL-N_Ronald-A-Fromm,CAL-N_Ronald-Fromm,,,,
CAMxD16_Jack-Moore,,,,,,
CAMxD16_Sheldon-Erikson,CAMxD16_Shel-Erikson,,,,,
CANI-OxD07_Denny-Carreker,CANI-OxD07_John-D-Carreker-Jr,,,,,
CAPA-OxK08_David-Anastasi,CAPA-OxK08_Dave-Anastasi,,,,,
CAR-OQ_Henry-Silverman,,,,,,
CAR-OQ_Ron-Nelson,CAR-OQ_Ronald-Nelson,,,,,
CASC-KxD13_Robert-Warren,CASC-KxD13_Bob-Warren,,,,,
CASL-PK_Michael-Goldberg,CASL-PK_Mike-Goldberg,,,,,
CASY-OQ_Ron-Lamb,,,,,,
CAT-N_Doug-Oberhelman,CAT-N_Douglas-Oberhelman,,,,,
CAT-N_Jim-Owens,,,,,,
CATT-OxG09_Richard-Karp,CATT-OxG09_Dick-Karp,,,,,
CATY-OQ_Dunson-Cheng,,,,,,
CBCGQ-PKxL10_Robert-Lowder,CBCGQ-PKxL10_Bobby-Lowder,,,,,
CBEY-OxG14_James-Geiger,CBEY-OxG14_Jim-Geiger,,,,,
CBG-N_Bob-Sulenic,CBG-N_Bob-Sulentic,,,,,
CBG-N_Brett-White,,,,,,
CBK-N_Bill-Prange,,,,,,
CBK-N_Joel-Waller,,,,,,
CBK-N_Lorna-Nagler,,,,,,
CBK-N_LuAnn-Via,,,,,,
CBM-N_James-Mack,CBM-N_Jim-Mack,,,,,
CBM-N_Steve-Klosk,CBM-N_Steven-Klosk,,,,,
CBRIQ-PK_David-Peterschmidt,CBRIQ-PK_Dave-Peterschmidt,CBRIQ-PK_Dave--Peterschmidt,,,,
CBRIQ-PK_Mac-Slingerland,CBRIQ-PK_Mac-Slingerlend,,,,,
CBRL-OQ_Michael-A-Woodhouse,CBRL-OQ_Michael-Woodhouse,CBRL-OQ_Mike-Woodhouse,,,,
CBRL-OQ_Sandra-Cochran,CBRL-OQ_Sandy-Cochran,,,,,
CBS-N_Les-Moonves,CBS-N_Leslie-Moonves,,,,,
CBT-N_Ken-Burnes,CBT-N_Kennett-Burnes,CBT-N_Kennett-Burns,,,,
CBT-N_Patrick-Prevost,,,,,,
CBU-N_Mark-Tryniski,,,,,,
CCC-N_John-Stanik,,,,,,
CCC-N_Randy-Dearth,,,,,,
CCI-N_Ben-Moreland,,,,,,
CCK-N_John-Conway,,,,,,
CCMP-OQ_Bill-Noglows,,,,,,
CCRN-OQ_Joe-Boshart,CCRN-OQ_Joseph-Boshart,,,,,
CDE-N_Dennis-Wheeler,CDE-N_Dennis-E-Wheeler,,,,,
CDE-N_Mitchell-Krebs,CDE-N_Mitch-Krebs,,,,,
CDI-N_Paulett-Eberhart,,,,,,
CDI-N_Roger-Ballou,,,,,,
CDNS-OQ_Lip-Bu-Tan,,,,,,
CDNS-OQ_Michael-Fister,CDNS-OQ_Mike-Fister,,,,,
CDNS-OQ_Moshe-Gavrielov,,,,,,
CECO-OQ_Gary-McCullough,,,,,,
CECO-OQ_Jack-Larson,CECO-OQ_John-Larson,,,,,
CECxB14_Dick-Frank,,,,,,
CECxB14_Mike-Magusiak,,,,,,
CELG-OQ_Bob-Hugin,CELG-OQ_Robert-Hugin,,,,,
CELG-OQ_Sol-Barer,CELG-OQ_Dr-Sol-Barer,,,,,
CELL-OxJ12_Robert-Laikin,CELL-OxJ12_Bob-Laikin,,,,,
CENT-OQ_Bill-Brown,,,,,,
CENT-OQ_Glenn-Novotny,,,,,,
CENX-OQ_Craig-Davis,,,,,,
CENX-OQ_Logan-Kruger,,,,,,
CENX-OQ_Michael-Bless,CENX-OQ_Mike-Bless,,,,,
CEPH-OxJ11_Frank-Baldino,CEPH-OxJ11_Dr-Frank-Baldino,CEPH-OxJ11_Dr-Frank-Baldwin,CEPH-OxJ11_Frank-Baldino-Jr-PhD,,,
CERN-OQ_Neal-Patterson,,,,,,
CEVA-OQ_Gideon-Wertheimer,CEVA-OQ_Gideon-Wertheizer,,,,,
CF-N_Stephen-Wilson,CF-N_Steve-Wilson,,,,,
CFR-N_Dick-Evans,CFR-N_Dick-Evans-Jr,,,,,
CGNX-OQ_Bob-Shillman,CGNX-OQ_Rob-Shillman,CGNX-OQ_Robert-Shillman,,,,
CGNX-OQ_Rob-Willet,CGNX-OQ_Rob-Willett,CGNX-OQ_Robert-Willett,,,,
CGXxB14_Joe-Davis,,,,,,
CHD-N_James-Craigie,CHD-N_Jim-Craigie,,,,,
CHE-N_Kevin-McNamara,,,,,,
CHGxF13_Steven-Lant,CHGxF13_Steve-Lant,CHGxF13_Steven-V-Lant,,,,
CHHP-PKxA12_Wade-Roberts,,,,,,
CHK-N_Aubrey-K-McClendon,CHK-N_Aubrey-McClendon,,,,,
CHRS-OxF12_Alan-Rosskamm,,,,,,
CHRS-OxF12_Dorrit-Bern,,,,,,
CHRW-OQ_John-Weihoff,CHRW-OQ_John-Wiehoff,,,,,
CHS-N_Dave-Dyer,CHS-N_David-Dyer,,,,,
CHS-N_Scott-A-Edmonds,CHS-N_Scott-Edmonds,,,,,
CHSI-OxG12_David-Blair,CHSI-OxG12_David--Blair,,,,,
CHTT-OxC10_Zan-Guerry,,,,,,
CI-N_David-Cordani,,,,,,
CI-N_Ed-Hanway,CI-N_Ed-Henway,CI-N_Edward-Hanway,CI-N_H-Edward-Hanway,,,
CI-N_Herb-Fritch,CI-N_Herbert-Fritch,,,,,
CIEN-N_Gary-B-Smith,CIEN-N_Gary-Smith,,,,,
CINF-OQ_Jack-Schiff,CINF-OQ_Jack-Schiff-Jr,,,,,
CINF-OQ_Ken-Stecher,,,,,,
CINF-OQ_Steve-Johnston,CINF-OQ_Steven-Johnston,,,,,
CIR-N_Bill-Higgins,,,,,,
CIR-N_David-Bloss,,,,,,
CIT-N_Al-Gamper,,,,,,
CIT-N_Jeffrey-Peek,CIT-N_Jeff-Peek,,,,,
CIT-N_John-Thain,,,,,,
CJHBQ-PKxE11_Al-Koch,,,,,,
CKEC-OxL16_David-Passman,CKEC-OxL16_David--Passman,,,,,
CKEC-OxL16_Michael-Patrick,CKEC-OxL16_Micheal-Patrick,,,,,
CKFR-OxL07_Peter-Kight,CKFR-OxL07_Pete-Kight,,,,,
CKPxE16_George-Off,,,,,,
CKR-NxG10_Andrew-Puzder,CKR-NxG10_Andy-Pudzer,CKR-NxG10_Andy-Puzder,,,,
CL-N_Ian-Cook,,,,,,
CL-N_Reuben-Mark,,,,,,
CLCxB17_Chris-Conway,,,,,,
CLCxB17_Norman-Johnson,CLCxB17_Norm-Johnson,CLCxB17_Norman-Norm-Johnson,,,,
CLD-N_Colin-Marshall,,,,,,
CLE-NxE07_Bonnie-Schaefer,,,,,,
CLF-N_John-Brinzo,,,,,,
CLF-N_Joseph-Carrabba,CLF-N_Joe-Carrabba,,,,,
CLGX-N_Dennis-Gilmore,,,,,,
CLGX-N_Park-Kennedy,CLGX-N_Parker-Kennedy,,,,,
CLH-N_Alan-McKim,CLH-N_Alan-Mckim,CLH-N_Alan-S-McKim,,,,
CLW-N_Gordon-Jones,,,,,,
CLW-N_Linda-Massman,,,,,,
CLX-N_Don-Knauss,,,,,,
CLX-N_Gerald-E-Johnston,CLX-N_Gerry-Johnston,CLX-N_Jerry-Johnston,,,,
CMA-N_Ralph-Babb,,,,,,
CMC-N_Joe-Alvarado,CMC-N_Joseph-Alvarado,,,,,
CMC-N_Murray-McClean,,,,,,
CMC-N_Stan-Rabin,CMC-N_Stanley-Rabin,,,,,
CMCSA-OQ_Brian-Roberts,,,,,,
CMD-N_Andrew-Krakauer,CMD-N_Andy-Kracauer,CMD-N_Andy-Krakauer,,,,
CMD-N_R-Scott-Jones,CMD-N_Scott-Jones,,,,,
CME-OQ_Craig-Donahue,CME-OQ_Craig-Donohue,,,,,
CME-OQ_Phupinder-Gill,,,,,,
CMG-N_Montgomery-Moran,CMG-N_Monty-Moran,,,,,
CMG-N_Steve-Ells,,,,,,
CMI-N_Theodore-Solso,CMI-N_Tim-Solso,,,,,
CMI-N_Tom-Linebarger,,,,,,
CMOS-OxI08_Dave-Ranhoff,,,,,,
CMP-N_Angelo-Brisimitzakis,,,,,,
CMS-N_Dave-Joos,CMS-N_David-Joos,,,,,
CMS-N_Joe-Rigby,,,,,,
CMS-N_John-Russell,,,,,,
CMS-N_Ken-Whipple,CMS-N_Kenneth-Whipple,,,,,
CMTL-OQ_Fred-Kornberg,,,,,,
CMTL-OQ_Stanton-Sloane,,,,,,
CMVT-OxB13_Kobi-Alexander,,,,,,
CNA-N_Steve-Lilienthal,CNA-N_Stephen-W-Lilienthal,CNA-N_Steve-Lilienthatl,,,,
CNA-N_Thomas-Motamed,CNA-N_Tom-Motamed,,,,,
CNC-N_Michael-Neidorff,,,,,,
CNK-N_Alan-Stock,,,,,,
CNLxD16_Bruce-Williamson,,,,,,
CNLxD16_David-Eppler,,,,,,
CNLxD16_Mike-Madison,,,,,,
CNO-N_Bill-Kirsch,,,,,,
CNO-N_Bill-Shea,,,,,,
CNO-N_Ed-Bonach,CNO-N_Edward-Bonach,,,,,
CNO-N_Jim-Prieur,,,,,,
CNP-N_David-M-McClanahan,CNP-N_David-McClanahan,,,,,
CNQR-OxL14_Steve-Singh,CNQR-OxL14_Steven-Singh,,,,,
CNVR-OxL14_James-Zarley,CNVR-OxL14_Jim-Zarley,,,,,
CNVR-OxL14_Tom-Vadnais,,,,,,
CNWxJ15_Doug-Stotlar,CNWxJ15_Douglas-Stotlar,CNWxJ15_Douglas-W-Stotlar,,,,
CNWxJ15_Keith-Kennedy,CNWxJ15_W-Keith-Kennedy,,,,,
CNX-N_Brett-Harvey,CNX-N_J-Brett-Harvey,,,,,
Coca_John-Alm,,,,,,
Coca_John-Brock,,,,,,
COCOQ-PKxI15_David-Moore,,,,,,
COCOQ-PKxI15_Jack-Massimino,COCOQ-PKxI15_Jack-Massimono,,,,,
COF-N_Rich-Fairbank,COF-N_Richard-Fairbank,COF-N_Richard-Fairbanks,,,,
COG-N_Dan-Dinges,,,,,,
COH-N_Lew-Frankfort,,,,,,
COHR-OQ_John-Ambroseo,COHR-OQ_John-Ambroseo-PhD,,,,,
COHU-OQ_James-A-Donahue,COHU-OQ_James-Donahue,COHU-OQ_James-Donohue,COHU-OQ_Jim-Donahue,,,
COL-N_Clay-Jones,COL-N_Clayton-Jones,,,,,
COLB-OQ_Melanie-Dressel,,,,,,
ComputerSciencesCorp_Michael-Laphen,ComputerSciencesCorp_Mike-Laphen,,,,,
ComputerSciencesCorp_Van-Honeycutt,,,,,,
COMS-OxD10_Edgar-Masri,,,,,,
COO-N_Bob-Weiss,,,,,,
COO-N_Thomas-Bender,COO-N_Tom-Bender,,,,,
COP-N_Jim-Mulva,,,,,,
COP-N_Ryan-Lance,,,,,,
CPB-N_Denise-Morrison,,,,,,
CPB-N_Doug-Conant,,,,,,
CPCxE07_Monroe-Carell,CPCxE07_Monroe-J-Carell,,,,,
CPF-N_Clint-Arnoldus,,,,,,
CPF-N_John-Dean,,,,,,
CPKI-OxG11_Larry-Flax,,,,,,
CPKI-OxG11_Richard-Rick-Rosenfield,CPKI-OxG11_Richard-Rosenfield,CPKI-OxG11_Rick-Rosenfield,,,,
CPLA-OQ_Kevin-Gilligam,CPLA-OQ_Kevin-Gilligan,,,,,
CPLA-OQ_Stephan-Shank,CPLA-OQ_Stephen-Shank,CPLA-OQ_Steve-Shank,,,,
CPN-N_Jack-Fusco,,,,,,
CPRT-OQ_Jay-Adair,,,,,,
CPSI-OQ_Boyd-Douglas,,,,,,
CPWM-OxG12_Barry-Feld,CPWM-OxG12_Barry-J-Feld,,,,,
CPWM-OxG12_Murray-Dashe,,,,,,
CPWR-OxL14_Pete-Karmanos,CPWR-OxL14_Pete-Karmanos-Jr,CPWR-OxL14_Peter-Karmanos,CPWR-OxL14_Peter-Karmanos-Jr,,,
CQBxA15_Fernando-Aguirre,,,,,,
CR-N_Eric-Fast,,,,,,
CRDN-OxK12_Joel-Moskowitz,,,,,,
CREE-OQ_Charles-Swoboda,CREE-OQ_Chuck-Swoboda,,,,,
CRI-N_Fred-Rowan,,,,,,
CRI-N_Michael-Casey,CRI-N_Mike-Casey,,,,,
CRK-N_Jay-Allison,CRK-N_M-Jay-Allison,,,,,
CRL-N_James-Foster,CRL-N_Jim-Foster,,,,,
CRM-N_Marc-Benioff,,,,,,
CROX-OQ_John-McCarvel,,,,,,
CROX-OQ_Ron-Snyder,CROX-OQ_Ronald-R-Snyder,,,,,
CRR-N_C-Mark-Pearson,CRR-N_Dr-C-Mark-Pearson,CRR-N_Mark-Pearson,,,,
CRR-N_Gary-Kolstad,,,,,,
CRS-N_Anne-Stevens,,,,,,
CRS-N_Bill-Wulfsohn,,,,,,
CRS-N_Bob-Torcolini,,,,,,
CRS-N_Greg-Pratt,CRS-N_Gregory-Pratt,,,,,
CRUS-OQ_Dave-French,CRUS-OQ_David-French,,,,,
CRUS-OQ_Jason-P-Rhode-PhD,CRUS-OQ_Jason-Rhode,,,,,
CRY-N_Steve-Anderson,CRY-N_Steven-Anderson,,,,,
CRZO-OQ_Chip-Johnson,,,,,,
CSARQ-PKxH09_Michael-J-Keough,CSARQ-PKxH09_Michael-Keough,CSARQ-PKxH09_Mike-Keough,,,,
CSARQ-PKxH09_Thomas-Brown,CSARQ-PKxH09_Tom-Brown,,,,,
CSCO-OQ_John-Chambers,,,,,,
CSGS-OQ_Ed-Nafus,CSGS-OQ_Edward-Nafus,,,,,
CSGS-OQ_Neal-Hansen,,,,,,
CSGS-OQ_Peter-Kalan,,,,,,
CSHxI16_Dan-Feehan,CSHxI16_Daniel-Feehan,,,,,
CSKEQ-PKxE11_Thomas-H-Johnson,CSKEQ-PKxE11_Thomas-Johnson,CSKEQ-PKxE11_Tom-Johnson,,,,
CSL-N_Richmond-McKinnish,CSL-N_Rick-McKinnish,,,,,
CST-N_Kim-Bowers,,,,,,
CSX-OQ_Michael-Ward,,,,,,
CTAS-OQ_Scott-Farmer,,,,,,
CTB-N_Roy-Armes,,,,,,
CTB-N_Thomas-Dattilo,CTB-N_Tom-Datillo,CTB-N_Tom-Dattilo,,,,
CTG-OQ_James-Boldt,CTG-OQ_Jim-Boldt,,,,,
CTL-N_Glen-Post,CTL-N_Glen-Post-III,,,,,
CTS-N_Don-Schwanz,CTS-N_Donald-Schwanz,,,,,
CTS-N_Kieran-OSullivan,,,,,,
CTS-N_Vinod-Khilnani,,,,,,
CTSH-OQ_Francisco-DSouza,CTSH-OQ_Frank-DSouza,,,,,
CTSH-OQ_Lakshmi-Narayanan,,,,,,
CTXS-OQ_Mark-Templeton,,,,,,
CVBF-OQ_Chris-Myers,CVBF-OQ_Christopher-Myers,,,,,
CVDxB15_Chris-Kuebler,,,,,,
CVG-N_Andrea-Ayers,,,,,,
CVG-N_Dave-Dougherty,,,,,,
CVG-N_James-Orr,CVG-N_Jim-Orr,,,,,
CVG-N_Jeff-Fox,,,,,,
CVLT-OQ_Bob-Hammer,CVLT-OQ_Neil-Robert-Hammer,CVLT-OQ_Robert-Bob-Hammer,,,,
CVS-N_Edwin-Mac-Crawford,CVS-N_Mac-Crawford,,,,,
CVS-N_Larry-Merlo,,,,,,
CVS-N_Tom-Ryan,,,,,,
CVS-N_Warren-Bryant,,,,,,
CVX-N_Dave-OReilly,CVX-N_David-OReilly,,,,,
CVX-N_John-Watson,,,,,,
CVxF12_Robert-H-Young,CVxF12_Robert-Young,,,,,
CW-N_Martin-Benante,CW-N_Marty-Benante,,,,,
CWTRQ-PKxJ14_Dennis-Pence,,,,,,
CXW-N_Damon-Hininger,,,,,,
CXW-N_John-Ferguson,,,,,,
CY-OQ_T-J-Rodgers,CY-OQ_TJ-Rodgers,,,,,
CYBS-OxH10_William-McKiernan,,,,,,
CYBX-OxJ15_Dan-Moore,CYBX-OxJ15_Daniel-Moore,,,,,
CYH-N_Wayne-Smith,,,,,,
CYMI-OxE13_Bob-Akins,CYMI-OxE13_Robert-Akins,,,,,
CYNO-OxC17_Michael-Davin,CYNO-OxC17_Mike-Davin,,,,,
CYNxK15_Russel-Goldsmith,CYNxK15_Russell-Goldsmith,,,,,
CYTxL15_David-Lilley,,,,,,
CYTxL15_Shane-Fleming,,,,,,
CZR-OQ_Gary-Loveman,,,,,,
D-N_Jay-Johnson,,,,,,
D-N_Thomas-Farrell,D-N_Thomas-Farrell-II,D-N_Tim-Farrell,D-N_Tom-Farrell,,,
D-N_Tom-Capps,,,,,,
DAL-N_Richard-Anderson,,,,,,
DAN-N_Roger-Wood,,,,,,
DAR-N_Randal-Stuewe,DAR-N_Randall-C-Stuewe,DAR-N_Randall-Stuewe,DAR-N_Randy-Stuewe,,,
DBD-N_Thomas-Swidarski,DBD-N_Tom-Swidarski,,,,,
DBD-N_Wally-ODell,,,,,,
DCI-N_Bill-Cook,,,,,,
DCOM-OQ_Vincent-Palagiano,,,,,,
DD-N_Chad-Holliday,DD-N_Charles-Holliday,DD-N_Charles-O-Holliday-Jr,,,,
DD-N_Ellen-Kullman,,,,,,
DDD-N_Abe-Reichental,DDD-N_Avi-Reichental,,,,,
DECK-N_Angel-Martinez,,,,,,
DEL-N_Ray-C-Dillon,DEL-N_Ray-Dillon,,,,,
DELL-OxJ13_Kevin-Rollins,,,,,,
DELL-OxJ13_Michael-Dell,,,,,,
DENN-OQ_John-Miller,,,,,,
DF-N_Gregg-Engles,,,,,,
DF-N_Gregg-Tanner,,,,,,
DFGxE12_Bob-Rosenkranz,DFGxE12_Robert-Rosenkranz,,,,,
DFS-N_David-Nelms,,,,,,
DG-N_David-Perdue,DG-N_David-Perdue-Jr,,,,,
DG-N_Rick-Dreiling,,,,,,
DGII-OQ_Joe-Dunsmore,,,,,,
DGIN-OxB07_Jeff-Stiefler,DGIN-OxB07_Jeffrey-Stiefler,,,,,
DGX-N_Steve-Rusckowski,,,,,,
DGX-N_Surya-Mohapatra,DGX-N_Dr-Surya-Mohapatra,DGX-N_Surya-Mohapatra-PhD,DGX-N_Surya-Mohopatra,DGX-N_Surya-Mohopatrra,,
DHI-N_Don-Tomnitz,DHI-N_Donald-J-Tomnitz,DHI-N_Donald-Tomnitz,,,,
DHR-N_Larry-Culp,DHR-N_Lawrence-Culp,,,,,
DHX-N_Scot-Melland,DHX-N_Scott-Melland,,,,,
DIN-N_Julia-Stewart,,,,,,
DIN-N_Lloyd-Hill,DIN-N_Lloyd-L-Hill,,,,,
DINE-OxL10_Ron-Blake,,,,,,
DIOD-OQ_Keh-Shew-Lu,DIOD-OQ_Dr-Keh-Shew-Lu,DIOD-OQ_Keh-shew-Lu,,,,
DionexCorp_Frank-Witney,,,,,,
DionexCorp_Lukas-Braunschweiler,,,,,,
DIS-N_Bob-Iger,DIS-N_Robert-Iger,,,,,
DIS-N_Michael-Eisner,,,,,,
DIS-N_Steve-Jobs,,,,,,
DISCA-OQ_David-Zaslav,,,,,,
DISH-OQ_Charles-Ergen,DISH-OQ_Charlie-Ergen,,,,,
DISH-OQ_Joe-Clayton,DISH-OQ_Joe-Clayton,DISH-OQ_Joseph-Clayton,,,,
DITC-OxL12_Tim-Montgomery,,,,,,
DKS-N_Ed-Stack,DKS-N_Edward-Stack,,,,,
DLTR-OQ_Bob-Sasser,,,,,,
DLX-N_Lee-Scham,DLX-N_Lee-Schram,,,,,
DMND-OxC16_Brian-Driscoll,,,,,,
DMND-OxC16_Michael-Mendes,DMND-OxC16_Michael-Mendez,,,,,
DNA-NxC09_Art-Levinson,DNA-NxC09_Arthur-Levinson,,,,,
DNB-N_Allan-Loren,,,,,,
DNR-N_Gareth-Roberts,,,,,,
DNR-N_Phil-Rykhoek,,,,,,
DOLE-KxK13_Dave-DeLorenzo,DOLE-KxK13_David-De-Lorenzo,DOLE-KxK13_David-DeLorenzo,,,,
DOV-N_Bob-Livingston,,,,,,
DOV-N_Ron-Hoffman,,,,,,
DOV-N_Thomas-Reece,DOV-N_Thomas-Reese,,,,,
DOW-N_Andrew-Liveris,,,,,,
DPLxK11_James-Mahoney,DPLxK11_Jim-Mahoney,,,,,
DPLxK11_Paul-Barbas,,,,,,
DPS-N_Larry-Young,,,,,,
DQE-NxF07_Morgan-OBrien,,,,,,
DRCxG15_Vince-R-Volpe,DRCxG15_Vince-Volpe,DRCxG15_Vincent-R-Volpe-Jr,DRCxG15_Vincent-R-Vople-Jr,DRCxG15_Vincent-Volpe,,
DRI-N_Clarence-Otis,DRI-N_Clarence-Otis-Jr,,,,,
DRIV-OxB15_Joel-Ronning,,,,,,
DRS-NxJ08_Mark-Newman,,,,,,
DRTE-OxE07_John-Bailye,,,,,,
DSPG-OQ_Eli-Ayalon,DSPG-OQ_Eliyahu-Ayalon,,,,,
DSPG-OQ_Ofer-Elyakim,,,,,,
DST-N_Stephen-Hooley,DST-N_Steve-Hooley,,,,,
DST-N_Thomas-A-McDonnell,DST-N_Thomas-McDonnell,DST-N_Tom-McDonnell,,,,
DTE-N_Anthony-Earley,DTE-N_Tony-Earley,,,,,
DTE-N_Gerry-Anderson,,,,,,
DTSI-OxL16_John-Kirchner,DTSI-OxL16_Jon-Kirchner,,,,,
DUK-N_James-E-Rogers,DUK-N_James-Rogers,DUK-N_Jim-Rogers,,,,
DUK-N_Paul-Anderson,,,,,,
DV-N_Daniel-Hamburger,,,,,,
DV-N_Ron-Taylor,DV-N_Ronald-Taylor,,,,,
DVA-N_Kent-J-Thiry,DVA-N_Kent-Thiry,,,,,
DVN-N_J-Larry-Nichols,DVN-N_Larry-Nichols,,,,,
DVN-N_John-Richels,,,,,,
DWA-OxH16_Jeffrey-Katzenberg,,,,,,
DXLG-OQ_David-A-Levin,DXLG-OQ_David-Levin,,,,,
DXPE-OQ_David-Little,DXPE-OQ_David-R-Little,,,,,
DXYN-OQ_Dan-Frierson,DXYN-OQ_Daniel-K-Frierson,,,,,
DY-N_Stephen-Nielsen,DY-N_Steve-Nielsen,DY-N_Steven-Neilsen,DY-N_Steven-Nielsen,,,
DYN-N_Bob-Flexon,,,,,,
EA-OQ_John-Riccitiello,,,,,,
EA-OQ_Larry-Probst,EA-OQ_Lawrence-Probst,,,,,
EAC-NxC10_Jon-Brumley,EAC-NxC10_Jonny-Brumley,,,,,
EAGL-OxH07_Jim-Crane,,,,,,
EAT-N_Doug-Brooks,EAT-N_Douglas-H-Brooks,,,,,
EBAY-OQ_John-Donahoe,,,,,,
EBIX-OQ_Robin-Raina,,,,,,
EBS-N_Dan-Abdun-Nabi,,,,,,
EBS-N_Fuad-El-Hibri,,,,,,
ECL-N_Doug-Baker,ECL-N_Doug-Baker-Jr,ECL-N_Douglas-Baker,,,,
ECLP-OxH10_Andy-Eckert,ECLP-OxH10_R-Andrew-Eckert,,,,,
ECPG-OQ_Brandon-Black,,,,,,
ED-N_Terry-Hildestad,,,,,,
EDGW-OQ_Shirley-Singleton,,,,,,
EDSxH08_Mike-Jordan,,,,,,
EE-N_David-Stevens,,,,,,
EE-N_Gary-Hedrick,,,,,,
EE-N_Tom-Shockley,,,,,,
EFD-NxI07_Paul-Walsh,,,,,,
EFII-OQ_Guy-Gecht,,,,,,
EFX-N_Richard-Smith,EFX-N_Rick-Smith,,,,,
EFX-N_Tom-Chapman,,,,,,
EGHT-OQ_Bryan-Martin,,,,,,
EGL-N_Tony-Smeraglinolo,,,,,,
EGN-N_James-McManus,,,,,,
EGN-N_Michael-Warren,EGN-N_Mike-Warren,,,,,
EGOV-OQ_Harry-Herington,,,,,,
EGOV-OQ_Jeff-Fraser,EGOV-OQ_Jeffery-Fraser,,,,,
EHTH-OQ_Gary-Lauer,,,,,,
EIG-N_Doug-Dirks,EIG-N_Douglas-Dirks,,,,,
EIX-N_John-Bryson,EIX-N_John-E-Bryson,,,,,
EIX-N_Ted-Craver,EIX-N_Ted-Graver,,,,,
EL-N_Fabrizio-Freda,,,,,,
EL-N_Fred-Langhammer,,,,,,
EL-N_William-Lauder,,,,,,
ELK-NxC07_Thomas-Karol,ELK-NxC07_Tom-Karol,,,,,
ELMG-OxH11_Paul-Domorski,ELMG-OxH11_Paul-Dormorski,,,,,
ELNK-OxB17_Charles-Betty,,,,,,
ELNK-OxB17_Rolla-Huff,,,,,,
ELXxE15_Jim-McCluney,,,,,,
ELXxE15_Paul-Folino,,,,,,
ELY-N_Chip-Brewer,,,,,,
ELY-N_George-Fellows,,,,,,
ELY-N_Ron-Drapeau,ELY-N_Ronald-Drapeau,,,,,
EMCxI16_Joe-Tucci,EMCxI16_Joseph-Tucci,,,,,
EME-N_Anthony-Guzzi,EME-N_Tony-Guzzi,,,,,
EME-N_Frank-MacInnis,,,,,,
EMMS-OQ_Jeff-Smulyan,,,,,,
EMN-N_Brian-Ferguson,,,,,,
EMN-N_James-Rogers,EMN-N_Jim-Rogers,,,,,
EMR-N_David-Farr,EMR-N_David-N-Farr,,,,,
ENDP-OQ_Peter-Lankau,,,,,,
ENS-N_John-Craig,,,,,,
ENSG-OQ_Chris-Christensen,ENSG-OQ_Christopher-Christensen,,,,,
ENTR-OxE15_Patrick-Henry,,,,,,
EOG-N_Mark-G-Papa,EOG-N_Mark-Papa,,,,,
EPAY-OQ_Bob-Eberle,,,,,,
EPC-N_Ward-Klein,,,,,,
EPIQ-OxJ16_Tom-Olofson,EPIQ-OxJ16_Tom-W-Olofson,,,,,
EQIX-OQ_Stephen-Smith,EQIX-OQ_Steve-Smith,,,,,
EQT-N_Dave-Porges,EQT-N_David-Dave-Porges,EQT-N_David-Porges,,,,
EQT-N_Murray-Gerber,EQT-N_Murry-Berger,EQT-N_Murry-Gerber,,,,
ERT-OxG12_Michael-McKelvey,ERT-OxG12_Dr-Michael-McKelvey,ERT-OxG12_Mike-McKelvey,,,,
ES-N_Charles-Shivery,ES-N_Chuck-Shivery,ES-N_Chuck-W-Shivery,,,,
ES-N_Thomas-May,ES-N_Tom-May,,,,,
ESE-N_Vic-Richey,ESE-N_Victor-Richey,ESE-N_Victor-Richey,,,,
ESINQ-PK_Kevin-Modany,,,,,,
ESINQ-PK_Rene-Champagne,,,,,,
ESIO-OQ_Ed-Grady,ESIO-OQ_Edward-Grady,,,,,
ESIO-OQ_Nicholas-Konidaris,ESIO-OQ_Nick-Konidaris,,,,,
ESL-N_Bob-Cremin,,,,,,
ESL-N_Brad-Lawrence,,,,,,
ESND-OQ_Dick-Gochnauer,ESND-OQ_Richard-Gochnauer,ESND-OQ_Richard-W-Gochnauer,,,,
ESRX-OQ_Barrett-Toan,,,,,,
ESRX-OQ_George-Paz,ESRX-OQ_George-Pazx,,,,,
ETFC-OQ_Mitch-Caplan,ETFC-OQ_Mitchell-Caplan,,,,,
ETFC-OQ_Steve-Freiberg,ETFC-OQ_Steven-Steve-Freiberg,ETFC-OQ_Steven-Freiberg,,,,
ETH-N_Farooq-Kathwari,ETH-N_M-Farooq-Kathwari,,,,,
ETM-N_David-Field,,,,,,
ETR-N_J-Wayne-Leonard,ETR-N_Wayne-Leonard,,,,,
EV-N_James-Hawkes,EV-N_Jim-Hawkes,,,,,
EV-N_Thomas-Faust,EV-N_Tom-Faust,,,,,
EVR-N_Ralph-Schlosstein,,,,,,
EW-N_Michael-A-Mussallem,EW-N_Michael-Mussallem,EW-N_Mike-Mussallem,,,,
EWBC-OQ_Dominic-Ng,,,,,,
EXAR-N_Pete-Rodriguez,,,,,,
EXAR-NxE17_Al-Sisto,EXAR-NxE17_Albert-Sisto,,,,,
EXC-N_Chris-Crane,,,,,,
EXC-N_John-Rowe,,,,,,
EXC-N_Mayo-A-Shattuck-III,EXC-N_Mayo-Shattuck,EXC-N_Mayo-Shattuck-III,,,,
EXLS-OQ_Rohit-Kapoor,,,,,,
EXLS-OQ_Vikram-Talwar,,,,,,
EXP-N_Steve-Rowley,EXP-N_Steve-Rowly,EXP-N_Steven-Rowley,,,,
EXPE-OQ_Dara-Khosrowshahi,,,,,,
EXPO-OQ_Michael-Gaulke,EXPO-OQ_Mike-Gaulke,,,,,
EXPO-OQ_Paul-Johnston,EXPO-OQ_Dr-Paul-Johnston,,,,,
EXTR-OQ_Gordon-Stitt,,,,,,
EXTR-OQ_Mark-Canepa,,,,,,
EXTR-OQ_Oscar--Rodriguez,EXTR-OQ_Oscar-Rodriguez,,,,,
EXTR-OQ_Rob-L-Corey,,,,,,
EZPW-OQ_Joe-Rotunda,,,,,,
EZPW-OQ_Paul-Rothamel,,,,,,
F-N_Alan-Mulally,,,,,,
F-N_Bill-Ford,,,,,,
FAST-OQ_Will-Oberton,FAST-OQ_Willard-Oberton,,,,,
FBC-N_Joe-Campanelli,FBC-N_Joseph-Campanelli,,,,,
FBC-N_Mark-Hammond,,,,,,
FBHS-N_Chris-Klein,FBHS-N_Christopher-Klein,,,,,
FBNIQ-PKxH14_Ralph-Scozzafa,FBNIQ-PKxH14_Ralph-Scozzafava,,,,,
FC-N_Bob-Whitman,FC-N_Robert-A-Whitman,FC-N_Robert-Whitman,,,,
FCF-N_John-Dolan,,,,,,
FCF-N_Mike-Price,,,,,,
FCN-N_Jack-Dunn,,,,,,
FCS-OxI16_Kirk-Pond,,,,,,
FCS-OxI16_Mark-Thompson,FCS-OxI16_Dr-Mark-Thompson,,,,,
FCX-N_James-Jim-Flores,FCX-N_Jim-Flores,,,,,
FCX-N_Richard-Adkerson,,,,,,
FDC-N_Charles-Fote,FDC-N_Charlie-Fote,,,,,
FDOxG15_Howard-Levine,FDOxG15_Howard-R-Levine,,,,,
FDS-N_Phil-Hadley,FDS-N_Philip-Hadley,FDS-N_Phillip-Hadley,,,,
FE-N_Anthony-J-Alexander,FE-N_Anthony-Tony-Alexander,FE-N_Tony-Alexander,,,,
FEIC-OxI16_Don-Kania,,,,,,
FEIC-OxI16_Vahe-Sarkissian,,,,,,
FELE-OQ_Scott-Trumball,FELE-OQ_Scott-Trumbull,,,,,
FF-N_Lee-Mikles,,,,,,
FFBC-OQ_Claude-Davis,,,,,,
FFIV-OQ_John-McAdam,FFIV-OQ_John-McAdams,,,,,
FHN-N_Bryan-Jordan,,,,,,
FHN-N_Gerald-Baker,FHN-N_Jerry-Baker,,,,,
FHN-N_Ken-Glass,,,,,,
FICO-N_Mark-Greene,,,,,,
FICO-N_Thomas-Grudnowski,FICO-N_Tom-Grudnowski,,,,,
FICO-N_Will-Lansing,FICO-N_William-Lansing,,,,,
FIF-NxB10_Paul-Sinsheimer,,,,,,
FII-N_Chirs-Donahue,FII-N_Chris-Donahue,FII-N_J-Christopher-Donahue,,,,
FINL-OQ_Alan-Cohen,,,,,,
FINL-OQ_Glenn-Lyon,,,,,,
FIRE-OQxJ13_John-Burris,,,,,,
FIRE-OQxJ13_Wayne-Jackson,,,,,,
FIS-N_Frank-Martire,,,,,,
FIS-N_Lee-A-Kennedy,FIS-N_Lee-Kennedy,,,,,
FISV-OQ_Jeff-Yabuki,FISV-OQ_Jeffrey-Yabuki,,,,,
FISV-OQ_Les-Muma,FISV-OQ_Leslie-M-Muma,FISV-OQ_Leslie-Muma,,,,
FITB-OQ_George-Schaefer,,,,,,
FITB-OQ_Kevin-Kabat,,,,,,
FIX-N_Bill-Murdy,,,,,,
FIX-N_Brian-Lane,,,,,,
FL-N_Ken-Hicks,,,,,,
FL-N_Matt-Serra,FL-N_Matthew-Serra,,,,,
FLIR-OQ_Earl-Lewis,,,,,,
FLO-N_George-Deese,,,,,,
FLOW-N_Chris-Kearney,,,,,,
FLR-N_Alan-Boeckmann,,,,,,
FLR-N_David-Seaton,,,,,,
FLS-N_Lew-Kling,FLS-N_Lewis-Kling,FLS-N_Lou-Kling,,,,
FLS-N_Mark-Blinn,,,,,,
FLS-N_Scott-Greer,,,,,,
FMBI-OQ_John-OMeara,,,,,,
FMBI-OQ_Michael-Scudder,FMBI-OQ_Mike-Scudder,,,,,
FMC-N_Bill-Walter,FMC-N_William-Walter,,,,,
FMC-N_Pierre-Brondeau,,,,,,
FMCC-PK_Dick-Syron,FMCC-PK_Richard-Syron,,,,,
FMER-OxH16_John-Cochran,,,,,,
FMER-OxH16_Paul-Creig,FMER-OxH16_Paul-Greig,,,,,
FNBCorpFlorida-N_Stephen-Gurgovits,FNBCorpFlorida-N_Steve-Gurgovits,,,,,
FNBCorpFlorida-N_Vince-Delie,FNBCorpFlorida-N_Vincent-Delie,,,,,
FNF-N_Al-Stinson,,,,,,
FNF-N_George-Scanlon,,,,,,
FNFG-OxH16_John-Koelmel,,,,,,
FNFG-OxH16_Paul-Kolkmeyer,,,,,,
FNGN-OQ_Jeff-Maggioncalda,,,,,,
FOE-N_Hector-Ortino,,,,,,
FOE-N_James-Kirsch,FOE-N_Jim-Kirsch,,,,,
FOR-N_James-DeCosmo,FOR-N_Jim-DeCosmo,FOR-N_Jim-Decosmo,,,,
FORR-OQ_George-Colony,,,,,,
FOSL-OQ_Kosta-Karsotis,FOSL-OQ_Kosta-Kartsotis,,,,,
FOXA-OQ_Rupert-Murdoch,,,,,,
FRC-N_James-Herbert,FRC-N_James-Herbert-II,FRC-N_Jim-Herbert,,,,
FRED-OQ_Bruce-Efird,,,,,,
FRED-OQ_Michael-Hayes,FRED-OQ_Mike-Hayes,,,,,
FSLR-OQ_Jim-Hughes,,,,,,
FSLR-OQ_Rob-Gillette,,,,,,
FSS-N_Bill-Osborne,FSS-N_William-Osborne,,,,,
FSS-N_Bob-Welding,,,,,,
FSS-N_Dennis-Martin,,,,,,
FSS-N_Jim-Goodwin,,,,,,
FTBK-PKxA14_John-Dickson,,,,,,
FTK-N_Jerry-Dumas,,,,,,
FTK-N_John-Chisholm,,,,,,
FTOxG11_James-Gibbs,FTOxG11_James-R-Gibbs,FTOxG11_Jim-Gibbs,,,,
FTR-OQ_Maggie-Wilderotter,,,,,,
FUL-N_Al-Stroucken,,,,,,
FUL-N_Jim-Owens,,,,,,
FUL-N_Michele-Volpi,,,,,,
FULT-OQ_Phil-Wenger,FULT-OQ_Philip-Wenger,,,,,
FULT-OQ_Scott-Smith,,,,,,
FWRD-OQ_Bruce-Campbell,,,,,,
GATX-N_Brian-Kenney,,,,,,
GBBK-OxJ07_Byron-A-Scordelis,GBBK-OxJ07_Byron-Scordelis,,,,,
GBCI-OQ_Michael-Blodnick,GBCI-OQ_Michael-Mick-Blodnick,GBCI-OQ_Mick-Blodnick,,,,
GCO-N_Bob-Dennis,,,,,,
GCO-N_Hal-Pennington,,,,,,
GD-N_Nicholas-Chabraja,GD-N_Nick-Chabraja,,,,,
GD-N_Phebe-Novakovic,,,,,,
GDOT-N_Steve-Streit,GDOT-N_Steven-Streit,,,,,
GE-N_Jeff-Immelt,GE-N_Jeffrey-Immelt,,,,,
GE-N_Scott-Donnelly,,,,,,
GEF-N_David-Fischer,,,,,,
GEF-N_Michael-Gasser,GEF-N_Mike-Gasser,,,,,
GENxL12_Joel-Staff,,,,,,
GENZ-OxD11_Henri-Termeer,,,,,,
GEO-N_George-Zoley,GEOGroupInc_George-C-Zoley,GEOGroupInc_George-Zoley,GEOGroupInc_George-Zoley-PhD,,,
GEOI-OxH12_Frank-Lodzinski,,,,,,
GFF-N_Harvey-Blau,GFF-N_Harvey-R-Blau,,,,,
GFF-N_Ron-Kramer,GFF-N_Ronald-Kramer,,,,,
GGG-N_Dave-Roberts,,,,,,
GGG-N_Pat-McHale,GGG-N_Patrick-McHale,,,,,
GHC-N_Don-Graham,,,,,,
GHL-N_Scott-Bok,,,,,,
GIFI-OQ_Kerry-Chauvin,,,,,,
GIFI-OQ_Kirk-Meche,,,,,,
GILD-OQ_Dr-John-Martin,GILD-OQ_John-Martin,,,,,
GIS-N_Ken-Powell,,,,,,
GIS-N_Stephen-Sanger,GIS-N_Steve-Sanger,,,,,
GK-OxC17_Doug-Milroy,GK-OxC17_Douglas-Doug-Milroy,GK-OxC17_Douglas-Milroy,,,,
GK-OxC17_Richard-Marcantonio,GK-OxC17_Rick-Marcantonio,,,,,
GLT-N_Dante-Parrini,,,,,,
GLT-N_George-Glatfelter,GLT-N_George-Glatfelter-II,,,,,
GLW-N_Wendell-Weeks,,,,,,
GM-N_Dan-Akerson,,,,,,
GM-N_Fritz-Henderson,,,,,,
GMCR-OxC16_Bob-Stiller,GMCR-OxC16_Robert-P-Stiller,GMCR-OxC16_Robert-Stiller,,,,
GMCR-OxC16_Brian-Kelley,,,,,,
GME-N_Dan-DeMatteo,GME-N_Dan-Dematteo,GME-N_Daniel-Dematteo,,,,
GME-N_Dick-Fontaine,,,,,,
GME-N_Jeff-Griffiths,GME-N_Jeffrey-Griffiths,,,,,
GME-N_Paul-Raines,,,,,,
GNCMA-OQ_Ron-Duncan,GNCMA-OQ_Ronald-Duncan,,,,,
GNW-N_Tom-McInerny,,,,,,
GoogleInc_Eric-Schmidt,,,,,,
GOTTQ-PKxC11_James-Famalette,GOTTQ-PKxC11_Jim-Famalette,,,,,
GPC-N_Larry-Prince,,,,,,
GPC-N_Thomas-Gallagher,GPC-N_Tom-Gallagher,,,,,
GPI-N_BB-Hollingsworth,GPI-N_BB-Hollingsworth-Jr,GPI-N_Ben-Hollingsworth,,,,
GPI-N_Earl-Hesterberg,,,,,,
GPN-N_Bob-Carr,,,,,,
GPN-N_Paul-Garcia,,,,,,
GPOR-OQ_James-Palm,GPOR-OQ_Jim-Palm,GPOR-OQ_Jim-Palm,,,,
GPRE-OQ_Todd-Becker,,,,,,
GPRO-OxH12_Hank-Nordhoff,GPRO-OxH12_Hank-Nordoff,GPRO-OxH12_Henry-L-Nordhoff,GPRO-OxH12_Henry-Nordhoff,,,
GPRO-OxH12_Rob-Cascella,,,,,,
GPS-N_Glenn-Murphy,,,,,,
GPS-N_Paul-Pressler,,,,,,
GRA-N_Fred-Festa,,,,,,
GRBxH11_Marc-Giles,,,,,,
GT-OQ_Bob-Keegan,GT-OQ_Robert-Keegan,,,,,
GT-OQ_Rich-Kramer,GT-OQ_Richard-Kramer,,,,,
GTATQ-PKxC16_Tom-Zarrella,,,,,,
GTIV-OxB15_Ron-Malone,GTIV-OxB15_Ronald-Malone,,,,,
GTIV-OxB15_Tony-Stange,GTIV-OxB15_Tony-Strange,,,,,
GTIxH15_Craig-Shular,GTIxH15_Craig-Shuler,,,,,
GTRC-OxJ07_Marty-Albertson,,,,,,
GVA-N_Bill-Dorey,GVA-N_William-Dorey,GVA-N_William-G-Dorey,,,,
GVA-N_James-Roberts,GVA-N_Jim-Roberts,,,,,
GVHR-OxF09_Eric-Vonk,GVHR-OxF09_Erik-Vonk,,,,,
GWR-N_Jack-Hellman,GWR-N_Jack-Hellmann,,,,,
GXDX-OxC11_Dr-Tina-Nova-Bennett,GXDX-OxC11_Tina-Nova,GXDX-OxC11_Tina-Nova-Bennett,,,,
GXP-N_Michael-Chesser,GXP-N_Michael-J-Chesser,GXP-N_Mike-Chesser,,,,
GXP-N_Terry-Bassham,,,,,,
GYMB-OxK10_Lisa-Harper,,,,,,
GYMB-OxK10_Matt-McCauley,GYMB-OxK10_Matthew-McCauley,,,,,
HAE-N_Brad-Nutter,,,,,,
HAE-N_Brian-Concannon,,,,,,
HAFC-OQ_Sung-Won-Sohn,HAFC-OQ_Dr-Sung-Won-Sohn,,,,,
HAFC-OQ_Jae-W-Yoo,HAFC-OQ_Jae-Whan-Yoo,,,,,
HAIN-OQ_Irwin-Simon,,,,,,
HAL-N_Dave-Lesar,HAL-N_David-Lesar,,,,,
HARxC17_Dinesh-Paliwal,,,,,,
HAS-OQ_Al-Verracchia,HAS-OQ_Al-Verrecchia,HAS-OQ_Alfred-Verrecchia,,,,
HAS-OQ_Brian-Goldner,,,,,,
HAYN-OQ_Francis-Petro,,,,,,
HAYN-OQ_Mark-Comerford,,,,,,
HBAN-OQ_Stephen-Steinour,HBAN-OQ_Steve-Steinour,,,,,
HBAN-OQ_Thomas-Hoaglin,HBAN-OQ_Tom-Hoaglin,,,,,
HBHC-OQ_Carl-Chaney,,,,,,
HBI-N_Rich-Noll,,,,,,
HCCxJ15_Frank-Bramanti,,,,,,
HCCxJ15_John-Molbeck,,,,,,
HCCxJ15_Stephen-L-Way,HCCxJ15_Stephen-Way,,,,,
HCI-N_Paresh-Patel,,,,,,
HCR-NxL07_Paul-Ormond,,,,,,
HD-N_Bob-Nardelli,,,,,,
HD-N_Frank-Blake,,,,,,
HDLM-PKxA13_Stephen-Strome,HDLM-PKxA13_Steve-Strome,,,,,
HE-N_Connie-Lau,,,,,,
HE-N_Robert-Clarke,,,,,,
HES-N_John-Hess,,,,,,
HEWxJ10_Russ-Fradin,HEWxJ10_Russell-Fradin,,,,,
HF-N_John-Pelusi,,,,,,
HFC-N_Matt-Clifton,HFC-N_Matthew-Clifton,HFC-N_Matthew-Matt-Clifton,,,,
HFC-N_Mik-Jennings,HFC-N_Mike-Jennings,,,,,
HHS-N_Larry-Fraklin,HHS-N_Larry-Franklin,,,,,
HHS-N_Richard-Hochhauser,,,,,,
HIBB-OQ_Jeff-Rosenthal,,,,,,
HIBB-OQ_Michael-Newsome,HIBB-OQ_Mickey-Newsome,,,,,
HIG-N_Liam-McGee,,,,,,
HIG-N_Ramani-Ayer,,,,,,
HII-N_Mike-Petters,,,,,,
HITK-OxD14_Davd-Seltzer,HITK-OxD14_David-Seltzer,,,,,
HITT-OxG14_Stephen-Daly,HITT-OxG14_Steve-Daly,,,,,
HKFIQ-PK_Larry-Kirk,,,,,,
HL-N_Phil-Baker,HL-N_Phillips-Baker,HL-N_Phillips-Phil-Baker,,,,
HLIT-OQ_Dr-Patrick-Harshman,HLIT-OQ_Patrick-Harshman,,,,,
HLIT-OQ_Tony-Ley,,,,,,
HLS-N_Jay-Grinney,,,,,,
HLX-N_Owen-Kratz,,,,,,
HMAxA14_Burke-W-Whitman,HMAxA14_Burke-Whitman,,,,,
HMAxA14_Gary-Newsome,,,,,,
HMAxA14_Joe-Vumbacco,HMAxA14_Joseph-Vumbacco,,,,,
HMN-N_Lou-Lower,HMN-N_Lou-Lower-II,HMN-N_Louis-Lower,,,,
HMN-N_Pete-Heckman,,,,,,
HMSY-OQ_Bill-Lucia,,,,,,
HNGR-PK_Ivan-Sabel,,,,,,
HNGR-PK_Thomas-Kirk,HNGR-PK_Tom-Kirk,,,,,
HNI-N_Jack-Michaels,,,,,,
HNI-N_Stan-Askren,,,,,,
HNRxE17_Peter-Hill,HNRxE17_Dr-Peter-Hill,,,,,
HNRxE17_James-Edmiston,,,,,,
HNTxC16_Jay-Gellert,,,,,,
HNZxF13_Bill-Johnson,HNZxF13_William-Johnson,HNZxF13_William-R-Johnson,,,,
HOG-N_James-Ziemer,HOG-N_Jim-Ziemer,,,,,
HOG-N_Jeff-Bleustein,,,,,,
HOG-N_Keith-Wandell,,,,,,
HOLX-OQ_Pat-Sullivan,HOLX-OQ_Patrick-J-Sullivan,HOLX-OQ_Patrick-Sullivan,,,,
HOLX-OQ_Stephen-MacMillan,HOLX-OQ_Steve-MacMillan,,,,,
HOMB-OQ_Randall-Sims,HOMB-OQ_Randy-Sims,,,,,
HON-N_Dave-Cote,HON-N_David-Cote,,,,,
HOPE-OQ_Al-Kang,HOPE-OQ_Alvin-Kang,,,,,
HOPE-OQ_Benjamin-Hong,,,,,,
HOS-N_Todd-Hornbeck,,,,,,
HOTT-OxF13_Betsy-McLaughlin,HOTT-OxF13_Betsy-McLoughlin,,,,,
HOTxI16_Frits-Van-Paasschen,HOTxI16_Frits-van-Paasschen,,,,,
HOTxI16_Steve-Heyer,HOTxI16_Steven-Heyer,,,,,
HOV-N_Ara-Hovnanian,,,,,,
HP-N_Hans-Helmerich,,,,,,
HPHW-PK_James-Calver,,,,,,
HPHW-PK_James-McNamee,HPHW-PK_Jim-McNamee,,,,,
HPQ-N_Carleton-Fiorina,HPQ-N_Carly-Fiorina,,,,,
HPQ-N_Leo-Apotheker,,,,,,
HPQ-N_Mark-Hurd,,,,,,
HPQ-N_Meg-Whitman,,,,,,
HRB-N_Bill-Cobb,,,,,,
HRB-N_Mark-Ernst,,,,,,
HRB-N_Russ-Smyth,,,,,,
HRC-N_Fred-Rockwood,HRC-N_Frederick-W-Rockwood,,,,,
HRC-N_John-Greisch,,,,,,
HRC-N_Ken-Camp,,,,,,
HRC-N_Peter-Soderberg,,,,,,
HRH-NxJ08_Martin-Mell-Vaughan,HRH-NxJ08_Martin-Vaughan,HRH-NxJ08_Mel-Vaughan,HRH-NxJ08_Mell-Vaughan,,,
HRL-N_Jeff-Ettinger,,,,,,
HRL-N_Joel-Johnson,,,,,,
HRS-N_Bill-Brown,,,,,,
HRS-N_Dave-Melcher,,,,,,
HRS-N_Howard-Lance,,,,,,
HSC-N_Derek-Hathaway,,,,,,
HSC-N_Henry-Knueppel,,,,,,
HSC-N_Sal-Fazzolari,HSC-N_Salvatore-D-Fazzolari,HSC-N_Salvatore-Fazzolari,,,,
HSHxH14_Brenda-Barnes,,,,,,
HSHxH14_Marcel-Smits,,,,,,
HSHxH14_Steve-McMillan,,,,,,
HSIC-OQ_Stanley-Bergman,,,,,,
HSII-OQ_Kevin-Kelly,,,,,,
HSII-OQ_Thomas-Friel,HSII-OQ_Thomas-J-Friel,HSII-OQ_Tom-Friel,,,,
HSPxI15_Chris-Begley,HSPxI15_Christopher-B-Begley,,,,,
HSPxI15_Mike-Ball,,,,,,
HSTM-OQ_Bobby-First,HSTM-OQ_Bobby-Frist,HSTM-OQ_Robert-A-Frist,HSTM-OQ_Robert-A-Frist-Jr,HSTM-OQ_Robert-Frist,,
HSY-N_Dave-West,HSY-N_David-West,,,,,
HSY-N_JP-Bilbrey,,,,,,
HSY-N_Richard-Lenny,HSY-N_Rick-Lenny,,,,,
HTCH-OxJ16_Wayne-Fortun,HTCH-OxJ16_Wayne-M-Fortun,,,,,
HTLD-OQ_Mike-Gerdin,,,,,,
HUBB-N_Dave-Nord,,,,,,
HUBB-N_Tim-Powers,HUBB-N_Timothy-Powers,,,,,
HUBG-OQ_Dave-Yeager,HUBG-OQ_David-Yeager,,,,,
HUM-N_Bruce-Broussard,,,,,,
HUM-N_Michael-B-McCallister,HUM-N_Mike-McCallister,,,,,
HVT-N_Clarence-Smith,,,,,,
HW-N_Kirk-Benson,,,,,,
HYSL-OxD07_Jeff-Rodek,,,,,,
HZO-N_Bill-McGill,,,,,,
IAC-OQ_Barry-Diller,,,,,,
IAC-OQ_Greg-Blatt,,,,,,
IART-OQ_Pete-Arduini,IART-OQ_Peter-Arduini,,,,,
IART-OQ_Stuart-Essig,,,,,,
IBKR-OQ_Thomas-Peterffy,,,,,,
IBM-N_Ginni-Rometty,,,,,,
ICE-N_Jeff-Sprecher,ICE-N_Jeffrey-Sprecher,,,,,
ICON-OQ_Neil-Cole,,,,,,
ICUI-OQ_Dr-George-Lopez,ICUI-OQ_George-A-Lopez,ICUI-OQ_George-Lopez,ICUI-OQ_George-Lopez-MD,,,
IDA-N_Jan-Packwood,,,,,,
IDA-N_LaMont-Keen,,,,,,
IDCC-OQ_Bill-Merritt,IDCC-OQ_William-Merritt,,,,,
IDTI-OQ_Greg-Lang,IDTI-OQ_Gregory-Lang,,,,,
IDTI-OQ_Ted-Tewksbury,IDTI-OQ_Theodore-Tewksbury,,,,,
IDXX-OQ_John-Ayers,IDXX-OQ_Jon-Ayers,IDXX-OQ_Jonathan-Ayers,,,,
IEX-N_Andy-Silvernail,,,,,,
IEX-N_Dennis-Williams,,,,,,
IEX-N_Larry-Kingsley,IEX-N_Lawrence-Kingsley,,,,,
IFF-N_Dick-Goldstein,IFF-N_Richard-Goldstein,,,,,
IFF-N_Doug-Tough,IFF-N_Douglas-Tough,,,,,
IFF-N_Rob-Amen,IFF-N_Robert-Amen,IFF-N_Robert-M-Amen,,,,
IGTE-OxG15_Phaneesh-Murphy,IGTE-OxG15_Phaneesh-Murthy,,,,,
IGTE-OxG15_Sunil-Wadhwani,,,,,,
IIIN-OQ_H-O-Woltz,IIIN-OQ_H-O-Woltz-III,IIIN-OQ_H-Woltz,IIIN-OQ_HO-Woltz,IIIN-OQ_HO-Woltz-III,,
IIVI-OQ_Carl-Johnson,,,,,,
IIVI-OQ_Fran-Kramer,IIVI-OQ_Francis-J-Kramer,IIVI-OQ_Francis-Kramer,,,,
IMxL16_Alain-Monie,,,,,,
IMxL16_Greg-Spierkel,,,,,,
INDB-OQ_Chris-Oddleifson,INDB-OQ_Christopher-Oddleifson,,,,,
IndyMacBancorpInc_Michael-Perry,,,,,,
INGR-N_Ilene-Gordon,,,,,,
INGR-N_Sam-Scott,INGR-N_Samuel-Scott,,,,,
ININ-OxL16_Don-Brown,ININ-OxL16_Don-Brown-MD,ININ-OxL16_Donald-Brown,ININ-OxL16_Dr-Don-Brown,,,
INT-N_Michael-Kasbar,,,,,,
INT-N_Paul-Stebbins,,,,,,
INTC-OQ_Paul-Otellini,,,,,,
IntegralSystemsInc_Alan-Baldwin,,,,,,
IntegralSystemsInc_Pete-Gaffney,IntegralSystemsInc_Peter-Gaffney,,,,,
INTU-OQ_Brad-Smith,,,,,,
INTU-OQ_Stephen-Bennett,INTU-OQ_Steve-Bennett,,,,,
INVX-PKxJ13_Bill-Murnane,INVX-PKxJ13_William-Bill-Murnane,INVX-PKxJ13_William-Murnane,,,,
IO-N_Bob-Peebler,IO-N_Bob-Peeler,IO-N_Robert-Peebler,,,,
IO-N_Brian-Hanson,,,,,,
IP-N_John-Faraci,,,,,,
IPAR-OQ_Jean-Madar,,,,,,
IPCC-OQ_James-Gober,IPCC-OQ_James-R-Gober,IPCC-OQ_Jim-Gober,,,,
IPG-N_Michael-I-Roth,IPG-N_Michael-Ross,IPG-N_Michael-Roth,,,,
IPHS-OQ_Randy-Gress,,,,,,
IPI-N_Bob-Jornayvaz,IPI-N_Robert-Jornayvaz,,,,,
IPXL-OQ_Larry-Hsu,,,,,,
IQNT-OxB17_Rian-Wren,,,,,,
IRBT-OQ_Colin-Angle,,,,,,
IRFxA15_Alex-Lidlow,IRFxA15_Alex-Lidow,IRFxA15_Alexander-Lidow,,,,
IRFxA15_Oleg-Khaykin,,,,,,
IronMountainInc_Bob-Brennan,IronMountainInc_Robert-Brennan,,,,,
IronMountainInc_C-Richard-Reese,IronMountainInc_Richard-Reese,,,,,
ISIL-OxB17_Dave-Bell,ISIL-OxB17_David-Bell,ISIL-OxB17_David-Dave-Bell,,,,
ISIL-OxB17_Necip-Sayiner,,,,,,
ISIL-OxB17_Rich-Beyer,,,,,,
ISRG-OQ_Gary-Guthart,,,,,,
ISRG-OQ_Lonnie-E-Smith,ISRG-OQ_Lonnie-Smith,,,,,
IT-N_Alfred-Amoroso,IT-N_Fred-Amoroso,,,,,
IT-N_Gene-Hall,,,,,,
IT-N_Michael-Fleisher,,,,,,
ITG-N_Bob-Gasser,,,,,,
ITG-N_Bob-Russel,ITG-N_Bob-Russell,ITG-N_Robert-Russel,,,,
ITG-N_Ray-Killian,,,,,,
ITGR-N_Ed-Voboril,ITGR-N_Edward-Voboril,,,,,
ITGR-N_Thomas-Hook,ITGR-N_Thomas-J-Hook,ITGR-N_Tom-Hook,,,,
ITRI-OQ_Malcolm-Unsworth,,,,,,
ITRI-OQ_Philip-Mezey,,,,,,
ITW-N_Dave-Speer,ITW-N_David-Speer,,,,,
ITW-N_Scott-Santi,,,,,,
IVAC-OQ_Kevin-Fairbairn,,,,,,
IVC-N_Gerald-Blouch,IVC-N_Gerry-Blouch,,,,,
IVC-N_Mal-Mixon,IVC-N_Malachi-Mixon,,,,,
IVZ-N_Martin-Flanagan,IVZ-N_Martin-L-Flanagan,IVZ-N_Marty-Flanagan,,,,
JACK-OQ_Bob-Nugent,,,,,,
JACK-OQ_Linda-Lang,,,,,,
JAHxD16_Dick-Heckmann,,,,,,
JAHxD16_James-Lillie,JAHxD16_Jim-Lillie,,,,,
JAHxD16_Martin-Franklin,,,,,,
JAKK-OQ_Jack-Friedman,,,,,,
JAKK-OQ_Stephen-Berman,,,,,,
JASxC11_Darrell-Webb,,,,,,
JBL-N_Tim-Main,JBL-N_Timothy-Main,,,,,
JBLU-OQ_Dave-Barger,JBLU-OQ_David-Barger,JBLU-OQ_David-Dave-Barger,,,,
JBLU-OQ_David-Neeleman,,,,,,
JBT-N_Charles-Cannon,JBT-N_Charlie-Cannon,JBT-N_Charlie-Cannon-Jr,,,,
JCOM-OQ_Hemi-Zucker,JCOM-OQ_Nehemia-Zucker,,,,,
JCP-N_Allen-Questrom,,,,,,
JCP-N_Ron-Johnson,,,,,,
JCrewGroupInc_Mickey-Drexler,JCrewGroupInc_Millard-Drexler,,,,,
JDAS-OxL12_Hamish-Brewer,,,,,,
JEC-N_Craig-Martin,,,,,,
JEC-N_Noel-Watson,,,,,,
JEFxC13_Rich-Handler,JEFxC13_Richard-Handler,,,,,
JJSF-OQ_Gary-Shreiber,JJSF-OQ_Gerald-Schreiber,JJSF-OQ_Gerald-Shreiber,JJSF-OQ_Gerry-Schreiber,JJSF-OQ_Gerry-Shreiber,JJSF-OQ_Jerry-Schreiber,
JKHY-OQ_Jack-Prim,JKHY-OQ_Jack-Primm,JKHY-OQ_John-Jack-Prim,,,,
JKHY-OQ_Mike-Henry,,,,,,
JLL-N_Colin-Dyer,,,,,,
JNJ-N_Alex-Gorsky,,,,,,
JNJ-N_Bill-Weldon,,,,,,
JNPR-N_Kevin-Johnson,,,,,,
JNPR-N_Scott-Krens,JNPR-N_Scott-Kriens,,,,,
JNS-N_Dick-Weil,JNS-N_Richard-Weil,,,,,
JNS-N_Gary-Black,,,,,,
JNS-N_Steve-Scheid,JNS-N_Steven-L-Scheid,JNS-N_Steven-Scheid,,,,
JNY-NxD14_Peter-Boneparth,,,,,,
JNY-NxD14_Wes-Card,JNY-NxD14_Wesley-Card,,,,,
JOSB-OxF14_Bob-Wildrick,JOSB-OxF14_Robert-Wildrick,,,,,
JOSB-OxF14_Neal-Black,,,,,,
JPM-N_Bill-Harrison,,,,,,
JPM-N_James-Dimon,JPM-N_Jamie-Dimon,,,,,
JWa-N_Steve-Smith,,,,,,
JWa-N_Will-Pesce,JWa-N_William-Pesce,,,,,
JWN-N_Blake-Nordstrom,,,,,,
K-N_Carlo-Gutierrez,K-N_Carlos-Gutierrez,,,,,
K-N_Dave-Mackay,K-N_David-MacKay,K-N_David-Mackay,,,,
K-N_James-Jenness,K-N_Jim-Jenness,,,,,
K-N_John-Bryant,,,,,,
KALU-OQ_Jack-Hockema,KALU-OQ_Jack-Hockerma,,,,,
KAMN-N_Neal-Keating,,,,,,
KAMN-N_Paul-Kuhn,,,,,,
KATE-N_Bill-McComb,,,,,,
KATE-N_Paul-Charron,,,,,,
KBH-N_Bruce-Karatz,,,,,,
KBH-N_Jeff-Mezger,KBH-N_Jeffrey-Mezger,,,,,
KBR-N_Bill-Utt,KBR-N_William-Bill-Utt,KBR-N_William-Utt,,,,
KDNxJ13_Brian-Campbell,,,,,,
KDNxJ13_James-OLeary,KDNxJ13_Jim-OLeary,,,,,
KELYA-OQ_Carl-Camden,KELYA-OQ_Carl-T-Camden,,,,,
KEM-N_Per-Loof,KEM-N_Per-Olaf-Loof,KEM-N_Per-Olof-Loof,,,,
KEX-N_Joe-Pyne,KEX-N_Joseph-H-Pyne,KEX-N_Joseph-Pyne,,,,
KEY-N_Beth-Mooney,,,,,,
KEY-N_Henry-Meyer,,,,,,
KFY-N_Gary-Burnison,KFY-N_Gary-D-Burnison,,,,,
KIDBQ-PK_Bruce-Crain,,,,,,
KIRK-OQ_Robert-Alderson,,,,,,
KKDxG16_Daryl-Brewster,,,,,,
KKDxG16_James-Morgan,KKDxG16_Jim-Morgan,,,,,
KKDxG16_Scott-Livengood,,,,,,
KLAC-OQ_Ken-Schroeder,KLAC-OQ_Kenneth-Schroeder,,,,,
KLAC-OQ_Rick-Wallace,,,,,,
KLIC-OQ_Scott-Kulicke,,,,,,
KMB-N_Tom-Falk,,,,,,
KMI-N_Rich-Kinder,KMI-N_Richard-Kinder,,,,,
KMPR-N_Don-Southwell,,,,,,
KMT-N_Carlos-Cardoso,KMT-N_Carlos-M-Cardoso,,,,,
KMT-N_Markos-I-Tambakeras,KMT-N_Markos-Tambakeras,,,,,
KMX-N_Thomas-J-Folliard,KMX-N_Tom-Folliard,,,,,
KND-N_Paul-Diaz,KND-N_Paul-J-Diaz,,,,,
KNSY-OxF12_Joe-Kaufmann,KNSY-OxF12_Joseph---Joe-Kaufmann,KNSY-OxF12_Joseph-Kaufmann,,,,
KNX-N_Kevin-Knight,,,,,,
KO-N_Muhtar-Kent,,,,,,
KO-N_Neville-Isdell,,,,,,
KODK-N_Anonio-Perez,KODK-N_Antonio-M-Perez,KODK-N_Antonio-Perez,,,,
KODK-N_Dan-Carp,,,,,,
KOP-N_Walt-Turner,KOP-N_Walter-Turner,,,,,
KOPN-OQ_Dr-John-CC-Fan,KOPN-OQ_Dr-John-Fan,KOPN-OQ_John-C-C-Fan,KOPN-OQ_John-CC-Fan,KOPN-OQ_John-Fan,,
KR-N_Dave-Dillon,KR-N_David-Dillon,,,,,
KRA-N_Kevin-Fogarty,,,,,,
KS-N_Roger-Stone,,,,,,
KSExH07_Bob-Catell,KSExH07_Robert-Catell,,,,,
KSS-N_Kevin-Mansell,,,,,,
KSS-N_Larry-Montgomery,,,,,,
KSU-N_Dave-Starling,KSU-N_David-Starling,,,,,
KSU-N_Michael-Haverty,KSU-N_Michael-R-Haverty,KSU-N_Mike-Haverty,,,,
KSWS-OxE13_Steve-Nichols,KSWS-OxE13_Steven-Nichols,,,,,
KWKAQ-PKxI16_Glenn-Darden,,,,,,
KWR-N_Michael-Barry,,,,,,
KWR-N_Ronald-J-Naples,KWR-N_Ronald-Naples,,,,,
L_Frank-Lanza,,,,,,
L_Michael-Strianese,,,,,,
L-N_James-Tisch,L-N_Jim-Tisch,,,,,
L-N_Larry-Dickerson,,,,,,
L-N_Martin-Orlowsky,L-N_Marty-Orlowski,L-N_Marty-Orlowsky,,,,
LABxF11_George-Michael-LaBranche,LABxF11_MIchael-LaBranche,LABxF11_Michael-LaBranch,LABxF11_Michael-LaBranche,LABxF11_Michael-LaBranche-IV,,
LAD-N_Bryan-DeBoer,,,,,,
LAD-N_Sid-DeBoer,LAD-N_Sidney-DeBoer,,,,,
LamarAdvertisingCo_Kevin-Reilly,LamarAdvertisingCo_Kevin-Reilly-Jr,,,,,
LANC-OQ_Jay-Gerlach,LANC-OQ_John-Gerlach,,,,,
LAUR-OQ_Doug-Becker,LAUR-OQ_Douglas-Becker,,,,,
LAWS-OQ_Tom-Neri,,,,,,
LBY-A_John-Meier,,,,,,
LCAV-OxE14_Stephen-Joffe,,,,,,
LCAV-OxE14_Steve-Straus,LCAV-OxE14_Steven-Straus,,,,,
LCII-N_Fred-Zinn,,,,,,
LCII-N_Leigh-Abrams,LCII-N_Leigh-J-Abrams,,,,,
LDL-N_Dale-Barnhart,,,,,,
LDL-N_David-Freeman,LDL-N_David-Freman,,,,,
LDOS-N_John-Jumper,,,,,,
LDOS-N_Ken-Dahlberg,LDOS-N_Kenneth-Dahlberg,,,,,
LDOS-N_Walt-Havenstein,LDOS-N_Walter-Havenstein,,,,,
LDR-N_Bill-Saxelby,,,,,,
LEA-N_Matt-Simoncini,,,,,,
LEA-N_Robert-Rossiter,,,,,,
LECO-OQ_Chris-Mapes,,,,,,
LECO-OQ_John-M-Stropki,LECO-OQ_John-Stropki,,,,,
LEG-N_Dave-Haffner,LEG-N_David-Haffner,,,,,
LEG-N_Felix-Wright,,,,,,
LEHMQ-PKxC12_Dick-Fuld,,,,,,
LEN-N_Stuart-Miller,LEN-N_Stuart-Milller,,,,,
LFGRQ-PKxL09_Ted-Chandler,,,,,,
LFUS-OQ_Gordon-Hunter,,,,,,
LFUS-OQ_Howard-Witt,,,,,,
LGND-OQ_John-Higgins,,,,,,
LH-N_Dave-King,LH-N_David-King,LH-N_David-P-King,,,,
LH-N_Joe-Herring,,,,,,
LH-N_Thomas-Mac-Mahon,LH-N_Thomas-MacMahon,LH-N_Tom-Mac-Mahon,LH-N_Tom-MacMahon,LH-N_Tom-McMahon,,
LHCG-OQ_Keith-Myers,,,,,,
LII-N_Bob-Schjerven,,,,,,
LII-N_Todd-Bluedorn,,,,,,
LINC-OQ_Dave-Carney,LINC-OQ_David-Carney,,,,,
LINC-OQ_Shaun-McAlmont,,,,,,
LKQ-OQ_Joe-Holsten,LKQ-OQ_Joel-Holsten,LKQ-OQ_Joseph-Holsten,,,,
LKQ-OQ_Rob-Wagman,LKQ-OQ_Robert-Wagman,,,,,
LL-N_Rob-Lynch,LL-N_Robert-Lynch,,,,,
LLTC-OxC17_Bob-Swanson,,,,,,
LLTC-OxC17_Lothar-Maier,,,,,,
LLY-N_John-Lechleiter,LLY-N_John-Lechleiter-PhD,,,,,
LM-N_Chip-Mason,,,,,,
LM-N_Mark-Fetting,,,,,,
LMNX-OQ_Pat-Balthrop,LMNX-OQ_Patrick-Balthrop,,,,,
LMT-N_Bob-Stevens,LMT-N_Robert-Stevens,,,,,
LMT-N_Marillyn-Hewson,,,,,,
LNC-N_Dennis-Glass,,,,,,
LNC-N_Jon-Boscia,,,,,,
LNCE-OQ_Dave-Singer,LNCE-OQ_David-Singer,,,,,
LNCE-OQ_Paul-Stroup,LNCE-OQ_Paul-Stroup-III,,,,,
LNN-N_Richard-Parod,LNN-N_Rick-Parod,,,,,
LNT-N_Bill-Harvey,,,,,,
LNT-N_Erroll-Davis,,,,,,
LNT-N_Pat-Kampling,,,,,,
LNY-NxJ10_Tilman-Fertitta,LNY-NxJ10_Tilman-J-Fertitta,,,,,
LOJN-OxC16_Joseph-Abely,,,,,,
LOW-N_Robert-Niblock,,,,,,
LPNT-OQ_Bill-Carpenter,LPNT-OQ_Bill-Carpenter-III,LPNT-OQ_William-Carpenter,LPNT-OQ_William-Carpenter-III,,,
LPNT-OQ_Ken-Donahey,LPNT-OQ_Kenneth-Donahey,,,,,
LPSN-OQ_Rob-LoCascio,LPSN-OQ_Robert-LoCascio,,,,,
LPX-N_Curt-Stevens,LPX-N_Curtis-Stevens,,,,,
LPX-N_Richard-Frost,LPX-N_Richard-Rick-Frost,LPX-N_Rick-Frost,,,,
LQDT-OQ_Bill-Angrick,LQDT-OQ_William-Angrick,,,,,
LRCX-OQ_Jim-Bagley,,,,,,
LRCX-OQ_Martin-Anstice,,,,,,
LRCX-OQ_Stephen-Newberry,LRCX-OQ_Steve-Newberry,,,,,
LSCC-OQ_Bruno-Guilmart,,,,,,
LSCC-OQ_Cyrus-Tsui,,,,,,
LSCC-OQ_Darin-Billerbeck,,,,,,
LSCC-OQ_Stephen-Skaggs,LSCC-OQ_Steve-Skaggs,,,,,
LSS-NxF07_Rhys-Best,,,,,,
LSTR-OQ_Henry-Gerkens,LSTR-OQ_Henry-Gerkins,LSTR-OQ_Henry-H-Gerkens,,,,
LTMxF15_Bahram-Akradi,,,,,,
LTXB-OQ_Kevin-Hanigan,,,,,,
LUB-N_Chris-Pappas,LUB-N_Christopher-Pappas,,,,,
LUFK-OxG13_Doug-Smith,LUFK-OxG13_Douglas-Smith,,,,,
LUFK-OxG13_Jay-Glick,,,,,,
LUV-N_Gary-Kelly,,,,,,
LUV-N_Jim-Parker,,,,,,
LUV-N_Joe-Leonard,,,,,,
LVLT-N_James-Q-Crowe,LVLT-N_Jim-Crowe,,,,,
LXKxK16_Paul-Curlander,,,,,,
LXKxK16_Paul-Rooke,,,,,,
LXU-N_Barry-Golsen,,,,,,
LYB-N_Dan-Smith,,,,,,
LYV-N_Michael-Rapino,,,,,,
LZB-N_Kurt-Darrow,,,,,,
LZxI11_James-Hambrick,LZxI11_James-L-Hambrick,,,,,
M-N_Terry-Lundgren,,,,,,
MA-N_Ajay-Banga,,,,,,
MA-N_Bob-Selander,MA-N_Robert-Selander,,,,,
MAG-OxI15_Dave-Reiland,MAG-OxI15_David-Reiland,,,,,
MAN-N_Jeff-Joerres,MAN-N_Jeffrey-A-Joerres,MAN-N_Jeffrey-Joerres,,,,
MANH-OQ_Dick-Haddrill,MANH-OQ_Richard-Haddrill,,,,,
MANH-OQ_Eddie-Capel,,,,,,
MANH-OQ_Pete-Sinisgalli,MANH-OQ_Peter-F-Sinisgalli,MANH-OQ_Peter-Sinisgalli,,,,
MANT-OQ_George-J-Pedersen,MANT-OQ_George-Pedersen,MANT-OQ_George-Pederson,,,,
MarshallIlsleyCorp_Dennis-Kuester,,,,,,
MAS-N_Richard-Manoogian,,,,,,
MAS-N_Tim-Wadhams,MAS-N_Timothy-Wadham,MAS-N_Timothy-Wadhams,,,,
MASC-OxC14_Ron-Stewart,MASC-OxC14_Ronald-Stewart,,,,,
MASI-OQ_Joe-Kiani,,,,,,
MAT-OQ_Bob-Eckert,MAT-OQ_Robert-Bob-Eckert,MAT-OQ_Robert-Eckert,,,,
MAT-OQ_Bryan-Stockton,,,,,,
MATK-OxB11_Steve-Dubin,,,,,,
MATR-OxE08_Parker-Petit,MATR-OxE08_Pete-Petit,,,,,
MATW-OQ_Joe-Bartolacci,MATW-OQ_Joseph-Bartolacci,MATW-OQ_Joseph-Joe-Bartolacci,,,,
MATX-N_Matt-Cox,MATX-N_Matthew-J-Cox,,,,,
MBI-N_Gary-Dunton,,,,,,
MBI-N_Jay-Brown,,,,,,
McAfeeLLC_Dave-DeWalt,McAfeeLLC_David-DeWalt,,,,,
McAfeeLLC_George-Samenuk,,,,,,
MCD-N_Don-Thompson,,,,,,
MCD-N_Jim-Skinner,,,,,,
MCDTA-OxB07_John-Kelley,MCDTA-OxB07_John-Kelley-Jr,,,,,
MCHP-OQ_Steve-Sanghi,,,,,,
MCK-N_Dave-Smith,MCK-N_David-Smith,,,,,
MCK-N_John-Hammergren,,,,,,
MCK-N_Phil-Pead,MCK-N_Philip-Pead,,,,,
MCO-N_John-Rutherford,MCO-N_John-Rutherfurd,MCO-N_John-Rutherfurd-Jr,,,,
MCO-N_Ray-McDaniel,MCO-N_Raymond-McDaniel,,,,,
MCOAQ-PKxC14_Kay-Toolson,,,,,,
MCRL-OxH15_Ray-Zinn,MCRL-OxH15_Raymond-Ray-Zinn,MCRL-OxH15_Raymond-Zinn,,,,
MCRS-OxI14_Tom-Giannapoulos,MCRS-OxI14_Tom-Giannopoulos,,,,,
MCS-N_Greg-Marcus,,,,,,
MCY-N_Gabe-Tirador,MCY-N_Gabriel-Tirador,,,,,
MCY-N_George-Joseph,,,,,,
MD-N_Dr-Roger-Medel,MD-N_Roger-Medel,MD-N_Roger-Medel-MD,,,,
MDLZ-OQ_Irene-Rosenfeld,,,,,,
MDLZ-OQ_Roger-Deromedi,,,,,,
MDP-N_Bill-Kerr,MDP-N_William-Kerr,,,,,
MDP-N_Stephen-Lacy,MDP-N_Stephen-M-Lacy,MDP-N_Stephen-Steve-Lacy,MDP-N_Steve-Lacy,MDP-N_Steven-Lacy,,
MDRX-OQ_Glen-E-Tullman,MDRX-OQ_Glen-Tullman,MDRX-OQ_Glenn-Tullman,,,,
MDRX-OQ_Paul-Black,,,,,,
MDSxD12_Alan-Feldman,,,,,,
MDTH-OxI12_Ed-French,,,,,,
MDU-N_Brian-Matsuyama,MDU-N_Brian-W-Matsuyama,,,,,
MEAS-OxJ14_Frank-Guidone,,,,,,
MED-N_Michael-MacDonald,MED-N_Michael-McDonald,,,,,
MED-N_Michael-McDevitt,MED-N_Mike-McDevitt,,,,,
MedtronicInc_Omar-Ishrak,,,,,,
MEI-N_Don-Duda,MEI-N_Donald-Duda,,,,,
MEIQL-PKxC11_Scott-Josey,,,,,,
MENT-OxC17_Walden-C-Rhines,MENT-OxC17_Walden-Rhines,MENT-OxC17_Wally-Rhines,,,,
MentorCorp_Josh-Levine,MentorCorp_Joshua-Levine,MentorCorp_Joshus-Levine,,,,
MERDJ-PKxB11_Stanley-ONeal,,,,,,
MESAQ-PKxC11_Jonathan-Ornstein,,,,,,
MET-N_Rob-Henrikson,MET-N_Ron-Henrikson,,,,,
MET-N_Steve-Kandarian,,,,,,
MFBxJ13_Maurice-Reznik,,,,,,
MFBxJ13_Thomas-Ward,MFBxJ13_Tom-Ward,,,,,
MGLN-OQ_Barry-Smith,,,,,,
MGLN-OQ_Rene-Lerer,,,,,,
MGLN-OQ_Steve-Shulman,MGLN-OQ_Steven-J-Shulman,MGLN-OQ_Steven-Schulman,MGLN-OQ_Steven-Shulman,,,
MGM-N_J-Terrence-Lanni,MGM-N_Terrance-Lanni,MGM-N_Terry-Lanni,,,,
MGM-N_Jim-Murren,,,,,,
MHK-N_Jeff-Lorberbaum,MHK-N_Jeffrey-Lorberbaum,,,,,
MHO-N_Bob-Schottenstein,MHO-N_Bob-Shottenstein,MHO-N_Robert-H-Schottenstein,MHO-N_Robert-Schottenstein,,,
MHS-NxD12_Dave-Snow,MHS-NxD12_David-Snow,,,,,
MIGxG15_Bob-Cubbin,,,,,,
MILxG10_Fran-Lunger,MILxG10_Francis-Lunger,,,,,
MILxG10_Martin-Madaus,MILxG10_Martin-Madaus-PhD,,,,,
MINI-OQ_Steve-Bunger,MINI-OQ_Steven-Bunger,,,,,
MJN-N_Steve-Golsby,,,,,,
MKC-N_Alan-Wilson,,,,,,
MKC-N_Bob-Lawless,,,,,,
MKSI-OQ_Leo-Berlinghieri,,,,,,
MKTX-OQ_Richard-M-McVey,MKTX-OQ_Rick-McVey,,,,,
MLHR-OQ_Brian-Walker,,,,,,
MLM-N_Stephen-Zelnak,,,,,,
MLM-N_Ward-Nye,,,,,,
MLNK-OQ_Joe-Lawler,MLNK-OQ_Joseph-Lawler,,,,,
MMC-N_Brian-Duperreault,,,,,,
MMC-N_Dan-Glaser,,,,,,
MMC-N_Jeff-Greenberg,,,,,,
MMC-N_Michael-Cherkasky,MMC-N_Mike-Cherkasky,,,,,
MMM-N_George-Buckley,,,,,,
MMM-N_Inge-Thulin,,,,,,
MMS-N_David-Mastran,,,,,,
MMS-N_Lynn-Davenport,,,,,,
MMS-N_Rich-Montoni,MMS-N_Richard-Montoni,,,,,
MNRO-OQ_Rob-Gross,,,,,,
MNST-OQ_Rodney-Sacks,,,,,,
MNTA-OQ_Craig-Wheeler,,,,,,
MO-N_Louis-Camilleri,,,,,,
MO-N_Marty-Barrington,,,,,,
MO-N_Michael-Szymanczyk,MO-N_Mike-Szymanczyk,,,,,
MOD-N_Dave-Rayburn,MOD-N_David-Rayburn,,,,,
MOD-N_Thomas-Burke,MOD-N_Tom-Burke,,,,,
MOGa-N_Bob-Brady,,,,,,
MOGa-N_John-Scannell,,,,,,
MOH-N_Dr-Mario-Molina,MOH-N_Mario-Molina,,,,,
MOLX-OxL13_Joe-King,,,,,,
MOLX-OxL13_Martin-Slark,MOLX-OxL13_Martin-Stark,,,,,
MON-N_Hugh-Grant,,,,,,
MON-N_Thomas-Jagodinski,MON-N_Tom-Jag-Jagodinski,MON-N_Tom-Jagodinski,MON-N_W-Jagodinski,,,
MOS-N_Jim-Prokopanko,,,,,,
MOV-N_Efraim-Grinberg,,,,,,
MPC-N_Gary-Heminger,,,,,,
MPSxA10_Tim-Payne,MPSxA10_Timothy-D-Payne,MPSxA10_Timothy-Payne,,,,
MPWR-OQ_Michael-Hsing,,,,,,
MRCY-OQ_James-Bertelli,MRCY-OQ_Jay-Bertelli,,,,,
MRCY-OQ_Mark-Aslett,,,,,,
MRD-NxD07_Dan-Leever,MRD-NxD07_Daniel-Leever,,,,,
MRK-N_Dick-Clark,,,,,,
MRK-N_Fred-Hassan,,,,,,
MRK-N_Ken-Frazier,,,,,,
MRO-N_Clarence-Cazalot,,,,,,
MRXxL12_Jonah-Shacknai,,,,,,
MS-N_James-Gorman,,,,,,
MS-N_John-Mack,,,,,,
MSA-N_Bill-Lambert,MSA-N_William-Lambert,,,,,
MSCC-OQ_James-Peterson,MSCC-OQ_Jim-Peterson,,,,,
MSCI-N_Henry-Fernandez,,,,,,
MSI-N_Bill-Nuti,,,,,,
MSI-N_Ed-Zander,MSI-N_Edward-Zander,,,,,
MSI-N_Greg-Brown,,,,,,
MSI-N_Sal-Iannuzzi,,,,,,
MSI-N_Sanjay-Jha,,,,,,
MSM-N_David-Sandler,,,,,,
MSM-N_Erik-Gershwind,,,,,,
MSM-N_Mitchell-Jacobson,,,,,,
MSTR-OQ_Michael-Saylor,,,,,,
MTD-N_Olivier-Filliol,,,,,,
MTD-N_Robert-Spoerry,,,,,,
MTEX-OQ_Sam-Caster,MTEX-OQ_Sam-Castor,,,,,
MTG-N_Curt-Culver,,,,,,
MTH-N_Steve-Hilton,MTH-N_Steven-J-Hilton,,,,,
MTOR-N_Charles-Chip-McClure,MTOR-N_Charles-G-McClure-Jr,MTOR-N_Charles-McClure,MTOR-N_Chip-McClure,,,
MTOR-N_Larry-Yost,,,,,,
MTRN-N_Dick-Hipple,MTRN-N_Richard-Hipple,,,,,
MTRN-N_Gordon-Harnett,,,,,,
MTRX-OQ_John-Hewitt,MTRX-OQ_John-Hewitt,,,,,
MTRX-OQ_Michael-Bradley,MTRX-OQ_Mike-Bradley,,,,,
MTSC-OQ_Bill-Murray,,,,,,
MTSC-OQ_Chip-Emery,,,,,,
MTSC-OQ_Jeff-Graves,,,,,,
MTSC-OQ_Laura-Hamilton,MTSC-OQ_Lauren-Hamilton,,,,,
MTW-N_Glen-Tellock,,,,,,
MTW-N_Terry-Growcock,,,,,,
MTX-N_Paul-Saueracker,,,,,,
MTZ-N_Austin-Shanfelter,,,,,,
MTZ-N_Jose-Mas,MTZ-N_Jose-Ramon-Mas,,,,,
MU-OQ_Mark-Durcan,,,,,,
MU-OQ_Steve-Appleton,,,,,,
MUR-N_Claiborne-Deming,MUR-N_Clairborne-Deming,,,,,
MUR-N_Dave-Wood,MUR-N_David-Wood,,,,,
MUR-N_Steven-Cosse,,,,,,
MWIV-OxB15_James-Cleary,MWIV-OxB15_Jim-Cleary,,,,,
MWW-NxK16_Andrew-McKelvey,MWW-NxK16_Andy-McKelvey,,,,,
MWxB16_Doug-Ewert,,,,,,
MWxB16_George-Zimmer,,,,,,
MXIM-OQ_Jack-Clifford,MXIM-OQ_Jack-Gifford,,,,,
MXIM-OQ_Tun-Doluca,MXIM-OQ_Tunas-Doluca,MXIM-OQ_Tunc-Deluca,MXIM-OQ_Tunc-Doluca,,,
MYE-N_John-C-Orr,MYE-N_John-Orr,,,,,
MYE-N_Stephen-Myers,,,,,,
NAFC-OxK13_Alec-Covington,,,,,,
NAFC-OxK13_Ron-Marshall,,,,,,
NANO-OQ_Dr-Timothy-Stultz,NANO-OQ_Tim-Stultz,NANO-OQ_Tim-Stulz,NANO-OQ_Timothy-Stultz,,,
NATI-OQ_Dr-James-Truchard,NATI-OQ_James-Truchard,NATI-OQ_James-Truchard-PhD,,,,
NAV-N_Dan-Ustian,NAV-N_Daniel-Ustian,,,,,
NAV-N_Lewis--Campbell,NAV-N_Lewis-Campbell,,,,,
NAVG-OQ_Stan-Galanski,NAVG-OQ_Stanley-Galanski,,,,,
NBL-N_Charles-D-Davidson,NBL-N_Charles-Davidson,NBL-N_Chuck-Davidson,,,,
NC-N_Al-Rankin,NC-N_Alfred-Rankin,,,,,
NCI-N_Bill-Goodyear,NCI-N_William-Goodyear,,,,,
NCI-N_Julie-Howard,,,,,,
NCIT-OQ_Charles-K-Narang,NCIT-OQ_Charles-Narang,,,,,
NCR-N_Jim-Ringler,,,,,,
NCS-N_A-R-Ginn,NCS-N_AR-Ginn,,,,,
NCS-N_Norm-Chambers,NCS-N_Norman-Chambers,,,,,
NDAQ-OQ_Bob-Greifeld,NDAQ-OQ_Bob-Greifield,NDAQ-OQ_Bob-Griefeld,,,,
NDNxA12_Eric-Schiffer,NDNxA12_Eric-Schiffler,,,,,
NDSN-OQ_Ed-Campbell,,,,,,
NDSN-OQ_Mike-Hilton,,,,,,
NEE-N_Jim-Robo,,,,,,
NEE-N_Lew-Hay,NEE-N_Lew-May-III,NEE-N_Lewis-Hay,NEE-N_Lewis-Hay-III,,,
NEM-N_Dick-OBrien,NEM-N_Richard-OBrien,,,,,
NEOG-OQ_James-Herbert,NEOG-OQ_James-L-Herbert,NEOG-OQ_Jim-Herbert,,,,
NEU-N_Ted-Gottwald,NEU-N_Teddy-Gottwald,NEU-N_Thomas-Gottwald,,,,
NEWP-OxE16_Bob-Phillippy,NEWP-OxE16_Robert-Phillippy,,,,,
NEWP-OxE16_Robert-Deuster,NEWP-OxE16_Robert-G-Deuster,,,,,
NEXC-PKxI10_Dave-Oros,NEXC-PKxI10_David-Oros,,,,,
NFG-N_Dave-Smith,NFG-N_David-Smith,,,,,
NFG-N_Phil-Ackerman,NFG-N_Philip-Ackerman,,,,,
NFLX-OQ_Reed-Hastings,,,,,,
NFX-N_David-Trice,,,,,,
NFX-N_Lee-Boothby,,,,,,
NI-N_Bob-Skaggs,,,,,,
NI-N_Gary-Neale,,,,,,
NICRL-PK_Russ-Strobel,,,,,,
NICRL-PK_Thomas-Fisher,NICRL-PK_Tom-Fisher,,,,,
NielsenNV_Steve-Morris,,,,,,
NIHD-OQ_Steve-Dussek,,,,,,
NILE-OxB17_Diane-Irvine,,,,,,
NILE-OxB17_Harvey-Kanter,,,,,,
NILE-OxB17_Mark-Vadon,,,,,,
NJR-N_Larry-Downes,,,,,,
NKE-N_Bill-Perez,,,,,,
NKE-N_Mark-Parker,,,,,,
NKE-N_Philip-Knight,,,,,,
NLS-N_Ed-Bramson,NLS-N_Edward-Bramson,,,,,
NLS-N_Greg-Hammann,NLS-N_Gregg-Hammann,,,,,
NOC-N_Ron-Sugar,NOC-N_Ronald-Sugar,,,,,
NOC-N_Wes-Bush,,,,,,
NOG-A_Michael-Reger,NOG-A_Mike-Reger,,,,,
NOV-N_Michael-McShane,NOV-N_Mike-McShane,,,,,
NOV-N_Pete-Miller,,,,,,
NovatelWirelessInc_Brad-Weinert,,,,,,
NOVL-OxD11_Jack-Messman,,,,,,
NOVL-OxD11_Ron-Hovsepian,NOVL-OxD11_Ronald-Hovsepian,,,,,
NOVN-OxI09_Bob-Strauss,NOVN-OxI09_Robert-Strauss,,,,,
NP-N_John-ODonnell,,,,,,
NP-N_Sean-Erwin,,,,,,
NPBC-OxD16_Glenn-Moyer,,,,,,
NPBC-OxD16_Scott-Fainor,,,,,,
NPBC-OxD16_Wayne-R-Weidner,NPBC-OxD16_Wayne-Weidner,,,,,
NPO-N_Ernest-Schaub,NPO-N_Ernie-Schaub,,,,,
NPO-N_Stephen-Macadam,NPO-N_Steve-Macadam,,,,,
NR-N_Paul-Howes,,,,,,
NRG-N_David-Crane,,,,,,
NSC-N_Charles-Moorman,NSC-N_Charles-Wick-Moorman,,,,,
NSC-N_David-Goode,,,,,,
NSIT-OQ_Ken-Lamneck,,,,,,
NSIT-OQ_Rich-Fennessy,NSIT-OQ_Richard-A-Fennessy,NSIT-OQ_Richard-Fenessy,NSIT-OQ_Richard-Fennessy,,,
NSIT-OQ_Tim-Crown,,,,,,
NSMxI11_Brain-Halla,NSMxI11_Brian-Halla,,,,,
NSP-N_Paul-Sarvadi,NSP-N_Paul-Sarvandi,,,,,
NSR-N_Jeff-Ganek,NSR-N_Jeffrey-Ganek,,,,,
NSR-N_Lisa-Hook,,,,,,
NTAP-OQ_Dan-Warmenhoven,,,,,,
NTAP-OQ_Tom-Georgens,,,,,,
NTCT-OQ_Anil-Singhal,,,,,,
NTGR-OQ_Patrick-Lo,,,,,,
NTLS-OxE16_James-A-Hyde,NTLS-OxE16_James-Hyde,NTLS-OxE16_Jim-Hyde,,,,
NTLS-OxE16_James-Quaforth,NTLS-OxE16_James-Quarforth,NTLS-OxE16_James-S-Quarforth,NTLS-OxE16_Jim-Quarforth,,,
NTN-A_Stan-Kinsey,NTN-A_Stanley-Kinsey,,,,,
NTRI-OQ_Dawn-Zier,,,,,,
NTRI-OQ_Joe-Redling,,,,,,
NTRI-OQ_Mike-Hagan,,,,,,
NTRS-OQ_Rick-Waddell,,,,,,
NUE-N_Dan-DiMicco,NUE-N_Daniel-DiMicco,,,,,
NUE-N_John-Ferriola,,,,,,
NUVA-OQ_Alex-Lukianov,NUVA-OQ_Alexis-Lukianov,,,,,
NUVA-OQ_Greg-Lucier,,,,,,
NVDA-OQ_Jen-Hsun-Huang,,,,,,
NVExL13_Michael-Yackira,,,,,,
NVExL13_Walt-Higgins,NVExL13_Walter-Higgins,,,,,
NVLS-OxF12_Richard-Hill,NVLS-OxF12_Rick-Hill,,,,,
NWE-N_Bob-Rowe,NWE-N_Robert-Rowe,,,,,
NWE-N_Gary-Drook,,,,,,
NWE-N_Michael-Hanson,NWE-N_Mike-Hanson,,,,,
NWK-OxH12_Nick-Keating,,,,,,
NWL-N_Joe-Galli,NWL-N_Joe-Galli-Jr,NWL-N_Joseph-Galli-Jr,,,,
NWL-N_Mark-Ketchum,,,,,,
NWL-N_Michael-Polk,NWL-N_Mike-Polk,,,,,
NWN-N_Gregg-Kantor,,,,,,
NWN-N_Mark-Dodson,,,,,,
NX-N_Bill-Griffiths,,,,,,
NX-N_Dave-Petratis,NX-N_David-Petratis,,,,,
NX-N_Raymond-Jean,,,,,,
NYCB-N_Joe-Ficalora,NYCB-N_Joseph-Ficalora,NYCB-N_Joseph-Ficarola,NYCB-N_Joseph-Ficolora,,,
NYT-N_Janet-Robertson,NYT-N_Janet-Robinson,,,,,
NYT-N_Mark-Thompson,,,,,,
NYT-N_Russ-Lewis,,,,,,
NYXxK13_Duncan-Niederauer,,,,,,
OA-N_Dan-Murphy,OA-N_Dan-Murphy-Jr,OA-N_Daniel-Murphy,,,,
OA-N_Mark-DeYoung,,,,,,
OC-N_Mike-Thaman,,,,,,
OCAS-OxI07_Dan-Carmichael,,,,,,
OCRxH15_Denny-Shelton,,,,,,
OCRxH15_Joel-Gemunder,,,,,,
OCRxH15_John-Figueroa,,,,,,
ODFL-OQ_David-Cogdon,ODFL-OQ_David-Congdon,,,,,
ODFL-OQ_Earl-Cogdon,ODFL-OQ_Earl-Congdon,ODFL-OQ_Earl-E-Congdon,,,,
ODP-OQ_Bruce-Nelson,,,,,,
ODP-OQ_Neil-Austrian,ODP-OQ_Neil-Austrian,,,,,
ODP-OQ_Steve-Odland,,,,,,
ODSY-OxH10_Bob-Lefton,ODSY-OxH10_Robert-Lefton,,,,,
ODSY-OxH10_Dick-Burnham,,,,,,
OGE-N_Pete-Delaney,OGE-N_Peter-Pete-Delaney,OGE-N_Peter-Delaney,,,,
OGE-N_Steve-Moore,OGE-N_Steven-Moore,,,,,
OI-N_Steve-McCracken,,,,,,
OII-N_Jay-Collins,,,,,,
OII-N_John-Huff,,,,,,
OII-N_Kevin-McEvoy,,,,,,
OIS-N_Cindy-Taylor,,,,,,
OIS-N_Doug-Swanson,OIS-N_Douglas-Swanson,,,,,
OKE-N_David-Kyle,,,,,,
OKE-N_John-Gibson,,,,,,
OLN-N_Joe-Rupp,OLN-N_Joseph-Rupp,,,,,
OMC-N_John-Wren,,,,,,
OMCL-OQ_Randall-Lipps,OMCL-OQ_Randy-Lipps,,,,,
OMGxJ15_Joe-Scaminace,OMGxJ15_Joseph-Scaminace,,,,,
OMI-N_Cody-Phipps,,,,,,
OMI-N_Craig-Smith,,,,,,
OMI-N_Gil-Minor,OMI-N_Gilmer-Minor-III,,,,,
OMN-N_Kevin-McMullen,,,,,,
OMXxK13_Sam-Duncan,,,,,,
ONB-OQ_Bob-Jones,,,,,,
ONExH16_Dean-Hatton,,,,,,
ONExH16_Mark-Volchek,,,,,,
ORBxB15_Dave-Thompson,ORBxB15_David--Thompson,ORBxB15_David-Thompson,,,,
ORCL-N_Jonathan-Schwartz,,,,,,
ORCL-N_Larry-Ellison,ORCL-N_Lawrence-Ellison,,,,,
ORCL-N_Scott-McNealy,,,,,,
ORI-N_Al-Zucaro,ORI-N_Aldo-Zucaro,,,,,
ORLY-OQ_David-OReilly,,,,,,
ORLY-OQ_Greg-Henslee,ORLY-OQ_Greg-Hensley,ORLY-OQ_Gregory-Henslee,,,,
ORN-N_Mike-Pearson,,,,,,
OSG-N_Morten-Arntzen,OSG-N_Morton-Arntzen,,,,,
OSI-NxF07_Chris-Sullivan,,,,,,
OSIP-OxF10_Colin-Goddard,OSIP-OxF10_Dr-Colin-Goddard,,,,,
OSIS-OQ_Deepak-Chopra,,,,,,
OSTE-OQxK10_Sam-Owusu-Akyaw,,,,,,
OXM-N_Hicks-Lanier,OXM-N_J-Hicks-Lanier,,,,,
OXM-N_Tom-Chubb,,,,,,
OXPS-OxI11_David-Fisher,,,,,,
OXPS-OxI11_David-Kalt,,,,,,
OXY-N_Dr-Ray-Irani,OXY-N_Ray-Irani,,,,,
OXY-N_Stephen-Chazen,OXY-N_Steve-Chazen,,,,,
OZRK-OQ_George-Gleason,,,,,,
PALM-OQxG10_Todd-Bradley,,,,,,
PAS-NxC10_Bob-Pohlad,PAS-NxC10_Robert-Pohlad,,,,,
PAY-N_Doug-Bergeron,PAY-N_Douglas-Bergeron,,,,,
PAYX-OQ_John-Judge,PAYX-OQ_Jon-Judge,PAYX-OQ_Jonathan-Judge,,,,
PAYX-OQ_Martin-Mucci,PAYX-OQ_Marty-Mucci,,,,,
PB-N_David-Zalman,,,,,,
PBCT-OQ_Jack-Barnes,,,,,,
PBCT-OQ_John-Klein,,,,,,
PBCT-OQ_Philip-Sherringham,,,,,,
PBG-NxC10_Eric-Foss,,,,,,
PBG-NxC10_John-Cahill,,,,,,
PBH-N_Mark-Pettie,,,,,,
PBH-N_Matt-Mannelly,,,,,,
PBI-N_Marc-Lautenbach,,,,,,
PBI-N_Mark-Cattini,,,,,,
PBI-N_Michael-Critelli,PBI-N_Michael-J-Critelli,PBI-N_Mike-Critelli,,,,
PBI-N_Murray-Martin,,,,,,
PBKS-OxF09_Gary-Geisel,PBKS-OxF09_Gary-Giesel,,,,,
PBYxB16_Bill-Leonard,,,,,,
PBYxB16_Larry-Stevenson,,,,,,
PBYxB16_Michael-Odell,PBYxB16_Mike-Odell,,,,,
PCAR-OQ_Mark-C-Pigott,PCAR-OQ_Mark-Pigott,,,,,
PCG-N_Bob-Glynn,,,,,,
PCG-N_Peter-Darbee,,,,,,
PCLN-OQ_Jeff-Boyd,PCLN-OQ_Jeffery-Boyd,PCLN-OQ_Jeffery-H-Boyd,PCLN-OQ_Jeffrey-Boyd,PCLN-OQ_Jeffry-H-Boyd,,
PCPxB16_Mark-Donegan,,,,,,
PCTI-OQ_Martin-Singer,PCTI-OQ_Marty-Singer,,,,,
PDCEnergyInc_James-Trimble,PDCEnergyInc_Jim-Trimble,,,,,
PDCEnergyInc_Richard-McCullough,PDCEnergyInc_Rick-McCullough,,,,,
PDCEnergyInc_Steve-Williams,PDCEnergyInc_Steven-Williams,,,,,
PDCO-OQ_James-W-Wiltz,PDCO-OQ_James-Wiltz,PDCO-OQ_Jim-Wiltz,,,,
PDCO-OQ_Peter-Frechette,,,,,,
PDCO-OQ_Scott-Anderson,,,,,,
PDLI-OQ_John-McLaughlin,,,,,,
PDLI-OQ_Mark-McDade,,,,,,
PEET-OxJ12_Pat-ODea,PEET-OxJ12_Patrick-ODea,,,,,
PEG-N_Ralph-Izzo,,,,,,
PENX-OxC15_Thomas-D-Malkoski,PENX-OxC15_Thomas-Malkoski,PENX-OxC15_Tom-Malkoski,,,,
PEP-N_Indra-Nooyi,,,,,,
PEP-N_Steve-Reinemund,PEP-N_Steven-Reinemund,,,,,
PES-N_Stacy-Locke,,,,,,
PETM-OxC15_Bob-Moran,,,,,,
PETM-OxC15_Phil-Francis,PETM-OxC15_Philip-Francis,PETM-OxC15_Phillip-Frances,,,,
PETS-OQ_Menderes-Akdag,PETS-OQ_Menderes-Mendo-Akdag,PETS-OQ_Mendo-Akdag,,,,
PFCB-OxG12_Bert-Vivian,PFCB-OxG12_Robert-Bert-Vivian,PFCB-OxG12_Robert-Vivian,,,,
PFE-N_Dr-Hank-McKinnell,PFE-N_Hank-McKinnell,,,,,
PFE-N_Ian-Read,,,,,,
PFE-N_Jeff-Kindler,,,,,,
PFG-N_Barry-Griswell,PFG-N_J-Barry-Griswell,,,,,
PFG-N_Larry-Zimpleman,,,,,,
PFS-N_Chris-Martin,PFS-N_Christopher-Martin,,,,,
PFS-N_Paul-Pantozzi,,,,,,
PFWD-OxH10_Bob-Weiler,PFWD-OxH10_Robert-Weiler,,,,,
PG-N_Bob-McDonald,,,,,,
PGL-NxB07_Thomas-M-Patrick,PGL-NxB07_Thomas-Patrick,PGL-NxB07_Tom-Patrick,,,,
PGNxG12_Bill-Johnson,PGNxG12_William-D-Johnson,PGNxG12_William-Johnson,,,,
PGNxG12_Bob-McGehee,PGNxG12_Robert-McGehee,,,,,
PGR-N_Glen-Renwich,PGR-N_Glenn-Renwick,,,,,
PGTI-N_Rod-Hershberger,,,,,,
PH-N_Don-Washkewicz,PH-N_Donald-Washkewicz,,,,,
PHH-N_Jerry-Selitto,PHH-N_Jerry-Sellito,,,,,
PHH-N_Terence-Edwards,PHH-N_Terence-W-Edwards,PHH-N_Terry-Edwards,PHH-N_Terry-W-Edwards,,,
PHM-N_Richard-Dugas,,,,,,
PhoenixTechnologiesLtd_Woody-Hobbs,,,,,,
PHTN-OxJ08_Jeff-Hawthorn,PHTN-OxJ08_Jeff-Hawthorne,PHTN-OxJ08_Jeffrey-Hawthorne,,,,
PII-N_Scott-Wine,,,,,,
PII-N_Thomas-Tiller,PII-N_Tom-Tiller,,,,,
PIR-N_Alex-Smith,,,,,,
PIR-N_Marvin-Girouard,,,,,,
PJC-N_Andrew-Duff,,,,,,
PKD-N_Bobby-Parker,PKD-N_Robert-Parker,,,,,
PKD-N_Dave-Mannon,PKD-N_David-Mannon,,,,,
PKD-N_Gary-Rich,,,,,,
PKE-N_Brain-Shore,PKE-N_Brian-Shore,,,,,
PKG-N_Mark-Kowlzan,PKG-N_Mark-Kowzlan,,,,,
PKG-N_Paul-Stecko,,,,,,
PKI-N_Greg-Summe,PKI-N_Gregory-Summe,,,,,
PKI-N_Rob-Friel,PKI-N_Robert-Friel,PKI-N_Roberty-Friel,,,,
PKT-OxF15_James-Brear,PKT-OxF15_Jim-Brear,,,,,
PLAB-OQ_Constantine-Deno-Macricostas,PLAB-OQ_Constantine-Macricostas,PLAB-OQ_Deno-Macricostas,,,,
PLAB-OQ_Michael-Luttati,PLAB-OQ_Mike-Luttati,,,,,
PLCE-OQ_Charles-K-Crovitz,PLCE-OQ_Chuck-Crovitz,,,,,
PLCE-OQ_Ezra-Dabah,,,,,,
PLCE-OQ_Jane-Elfers,,,,,,
PLCM-OxI16_Andrew---Andy-Miller,PLCM-OxI16_Andrew-Andy-Miller,PLCM-OxI16_Andrew-Miller,PLCM-OxI16_Andy-Miller,,,
PLCM-OxI16_Bob-Hagerty,PLCM-OxI16_Robert-Hagerty,,,,,
PLLxH15_Eric-Krasnoff,,,,,,
PLNR-OxK15_Balaji-Krishnamurthy,,,,,,
PLT-N_Ken-Kannappan,PLT-N_Kenneth-Kannappan,,,,,
PLxB15_John-Johns,PLxB15_Johnny-Johns,PLxB15_Johny-Johns,,,,
PLXS-OQ_Dean-Foat,PLXS-OQ_Dean-Foate,,,,,
PMC-N_Greg-Weishar,PMC-N_Gregory-Weishar,,,,,
PMIR-PK_Roger-Haughton,,,,,,
PMTI-OxF13_Joe-Caruso,PMTI-OxF13_Joseph-Caruso,,,,,
PNC-N_James-Rohr,PNC-N_Jim-Rohr,,,,,
PNC-N_Ned-Kelly,,,,,,
PNFP-OQ_Terry-Turner,,,,,,
PNM-N_Pat-Collawn,PNM-N_Pat-Vincent-Collawn,,,,,
PNRA-OQ_Bill-Moreton,,,,,,
PNRA-OQ_Ron-Shaich,PNRA-OQ_Ronald-Shaich,,,,,
PNW-N_Bill-Post,,,,,,
PNW-N_Don-Brandt,PNW-N_Donald-Don-Brandt,PNW-N_Donald-E-Brandt,,,,
PNYxJ16_Thomas-Skains,PNYxJ16_Tom-Skains,,,,,
POL-N_Stephen-Newlin,POL-N_Steve-Newlin,,,,,
POL-N_Thomas-Waltermire,POL-N_Tom-Waltermire,,,,,
POMxC16_Dennis-R-Wraase,POMxC16_Dennis-Wraase,,,,,
POOL-OQ_Manny-Perez,POOL-OQ_Manny-Perez-De-La-Mesa,POOL-OQ_Manny-Perez-DeLaMesa,POOL-OQ_Manny-Perez-de-la-Mesa,POOL-OQ_Manuel-Mesa,POOL-OQ_Manuel-Perez,POOL-OQ_Manuel-Perez-de-la-Mesa
POSS-OxD08_Bob-Dutcher,POSS-OxD08_Rob-Dutcher,POSS-OxD08_Robert-Dutcher,,,,
POWI-OQ_Balu-Balakrishnan,,,,,,
POWL-OQ_Mike-Lucas,,,,,,
POWL-OQ_Pat-McDonald,,,,,,
POWL-OQ_Thomas-Powell,POWL-OQ_Tom-Powell,,,,,
PPC-OQ_Bill--Lovette,PPC-OQ_Bill-Lovette,PPC-OQ_William-Lovette,,,,
PPG-N_Charles-Bunch,PPG-N_Chuck-Bunch,,,,,
PPL-N_Bill-Spence,,,,,,
PPL-N_James-Miller,PPL-N_Jim-Miller,,,,,
PPL-N_William-Hecht,,,,,,
PPP-NxK07_Paul-Van-Wagenen,,,,,,
PQ-N_Charles-Goodson,PQ-N_Charlie-Goodson,,,,,
PRA-N_A-Derrill-Crowe,PRA-N_Derrill-Crowe,PRA-N_Derrill-Crowe-MD,PRA-N_Dr-A-Derrill-Crowe,PRA-N_Dr-Derrill-Crowe,,
PRA-N_Stan-Starnes,PRA-N_W-Stancil-Starnes,PRA-N_William-Stancil-Starnes,,,,
PRAA-OQ_Steve-Frederickson,PRAA-OQ_Steve-Fredrickson,PRAA-OQ_Steven-Fredrickson,,,,
PRFT-OQ_Jack-McDonald,PRFT-OQ_John-Jack-McDonald,PRFT-OQ_John-McDonald,,,,
PRFT-OQ_Jeff-Davis,PRFT-OQ_Jeffrey-Davis,,,,,
PRGS-OQ_Jay-Bhatt,,,,,,
PRGS-OQ_Joe-Alsop,PRGS-OQ_Joseph-Alsop,,,,,
PRGS-OQ_Rick-Reidy,,,,,,
PRGX-OQ_James-McCurry,PRGX-OQ_Jim-McCurry,,,,,
PRGX-OQ_John-Cook,,,,,,
PRGX-OQ_Romil-Bahl,,,,,,
PRI-N_John-Addison,,,,,,
PRU-N_Art-Ryan,,,,,,
PRU-N_John-Strangfeld,,,,,,
PRXL-OQ_Joe-Von-Rickenbach,PRXL-OQ_Josef-Von-Rickenbach,PRXL-OQ_Josef-VonRickenbach,PRXL-OQ_Josef-von-Rickenbach,PRXL-OQ_Josel-Von-Rickenbach,PRXL-OQ_Joseph-Von-Rickenbach,
PRXxJ12_Pat-LePore,PRXxJ12_Patrick-LePore,,,,,
PRXxJ12_Scott-Tarriff,,,,,,
PSD-NxB09_Steve-Reynolds,,,,,,
PSEM-OxK15_Alex-Chi-Ming-Hui,PSEM-OxK15_Alex-Hui,,,,,
PSUNQ-PKxI16_Greg-Weaver,,,,,,
PSUNQ-PKxI16_Sally-Frame-Kasaks,PSUNQ-PKxI16_Sally-Kasaks,,,,,
PSUNQ-PKxI16_Seth-Johnson,,,,,,
PSX-N_Greg-Garland,,,,,,
PSYS-OQxK10_Joey-Jacobs,,,,,,
PTC-OQ_Dick-Harrison,PTC-OQ_Richard-Harrison,,,,,
PTC-OQ_James-Heppelmann,PTC-OQ_Jim-Heppelmann,,,,,
PTEN-OQ_Andy-Hendricks,,,,,,
PTEN-OQ_Cloyce-Talbot,PTEN-OQ_Cloyce-Talbott,,,,,
PTEN-OQ_Doug-Wall,PTEN-OQ_Douglas-Wall,,,,,
PULS-PKxD15_James-Papada,PULS-PKxD15_Jim-Papada,,,,,
PVAC-OQ_A-James-Dearlove,PVAC-OQ_James-Dearlove,PVAC-OQ_Jim-Dearlove,,,,
PVH-N_Bruce-Klatsky,,,,,,
PVH-N_Emanual-Chirico,PVH-N_Emanuel-Chirico,PVH-N_Manny-Chirico,,,,
PVTB-OQ_Larry-Richman,,,,,,
PVTB-OQ_Ralph-Mandell,,,,,,
PWAVQ-PKxD16_Bruce-Edwards,,,,,,
PWAVQ-PKxD16_Ron-Buschur,PWAVQ-PKxD16_Ron-Busher,,,,,
PWER-OxG13_Rich-Thompson,PWER-OxG13_Richard-J-Thompson,PWER-OxG13_Richard-Thompson,,,,
PWER-OxG13_Steve-Goldman,PWER-OxG13_Steven-Goldman,,,,,
PWR-N_Jim-ONeil,PWR-N_Jim-ONeil,,,,,
PWR-N_John-Colson,,,,,,
PX-N_Steve-Angel,,,,,,
PXD-N_Scott-Sheffield,,,,,,
PZZA-OQ_Jude-Thompson,,,,,,
PZZA-OQ_Nigel-Travis,,,,,,
QCOM-OQ_Dr-Irwin-Jacobs,QCOM-OQ_Irwin-Jacobs,,,,,
QCOM-OQ_Dr-Paul-Jacobs,QCOM-OQ_Paul-Jacobs,,,,,
QCOR-OxH14_Don-Bailey,,,,,,
QCOR-OxH14_Jim-Fares,,,,,,
QEP-N_Chuck-Stanley,,,,,,
QLGC-OxH16_H-K-Desai,QLGC-OxH16_HK-Desai,,,,,
QLGC-OxH16_Simon-Biddiscombe,,,,,,
QSII-OQ_Lou-Silverman,QSII-OQ_Louis-E-Silverman,QSII-OQ_Louis-Silverman,,,,
QSII-OQ_Steve-Plochocki,QSII-OQ_Steven-Plochocki,QSII-OQ_Steven-T-Plochocki,,,,
QTM-N_Richard-Belluzzo,QTM-N_Rick-Belluzo,QTM-N_Rick-Belluzzo,,,,
R-N_Greg-Sweinton,R-N_Greg-Swienton,R-N_Gregory-Swienton,,,,
R-N_Robert-Sanchez,,,,,,
RAD-N_Mary-Sammons,RAD-N_Mary-Summons,,,,,
RADS-OxH11_John-Heyman,,,,,,
RAHxA13_Dave-Skarie,RAHxA13_David-Skarie,,,,,
RAHxA13_Kevin-Hunt,,,,,,
RAI-N_Daan-Delen,RAI-N_Dan-Delen,,,,,
RARE-OxJ07_Phil-Hickey,RARE-OxJ07_Philip-Hickey,RARE-OxJ07_Philip-Hickey-Jr,RARE-OxJ07_Philip-J-Hickey-Jr,RARE-OxJ07_Phillip-Hickey,RARE-OxJ07_Phillip-J-Hickey-Jr,
RATE-N_Tom-Evans,,,,,,
RAXxK16_Lanham-Napier,,,,,,
RaytheonAppliedSignalTechnologyInc_Gary-Yancey,,,,,,
RBC-N_Jim-Packard,,,,,,
RBC-N_Mark-Gliebe,,,,,,
RBCN-OQ_Raja-Parvez,,,,,,
RBNC-OxA07_Dana-Cluckey,,,,,,
RBNxB13_Dan-Duval,RBNxB13_Daniel-Duval,,,,,
RBNxB13_Peter-Wallace,,,,,,
RCII-OQ_Mark-Speese,,,,,,
RCRC-OxD11_Curt-Stoelting,RCRC-OxD11_Curtis-Stoelting,,,,,
RDC-N_Danny-McNease,RDC-N_Danny-McaNease,,,,,
RDN-N_Frank-Filipps,,,,,,
RDN-N_S-A-Ibrahim,RDN-N_SA-Ibrahim,,,,,
RECN-OQ_Don-Murray,RECN-OQ_Donald-Murray,,,,,
REGN-OQ_Len-Schleifer,REGN-OQ_Leonard-Schleifer,,,,,
RehabCareGroupInc_Dr-John-H-Short,RehabCareGroupInc_Dr-John-Short,RehabCareGroupInc_John-H-Short-PhD,RehabCareGroupInc_John-Short,RehabCareGroupInc_John-Short-PhD,,
RelianceSteelandAluminumCo_Dave-Hannah,RelianceSteelandAluminumCo_David-H-Hannah,RelianceSteelandAluminumCo_David-Hannah,,,,
RESP-OxC08_John-Miclot,,,,,,
RF-N_Carl-Jones,,,,,,
RF-N_Dowd-Ritter,,,,,,
RF-N_Grayson-Hall,,,,,,
RF-N_Jack-Moore,,,,,,
RFMD-OxA15_Bob-Bruggeworth,RFMD-OxA15_Robert-Bruggeworth,,,,,
RGA-N_Greig-Woodring,RGA-N_Grieg-Woodring,,,,,
RGEN-OQ_Walter-Herlihy,,,,,,
RGLD-OQ_Tony-Jensen,,,,,,
RGR-N_Michael-Fifer,RGR-N_Mike-Fifer,,,,,
RGS-N_Paul-Finkelstein,,,,,,
RHI-N_Harold-M-Messmer-Jr,RHI-N_Harold-Messmer,RHI-N_Mac-Messmer,RHI-N_Max-Messmer,,,
RHT-N_Jim-Whitehurst,,,,,,
RHT-N_Matthew-Szulik,,,,,,
RJF-N_Paul-Reilly,,,,,,
RJF-N_Thomas-James,RJF-N_Tom-James,,,,,
RKTxG15_James--Rubright,RKTxG15_James-Rubright,RKTxG15_Jim-Rubright,,,,
RLI-N_John-Michael,RLI-N_Jon-Michael,,,,,
RMBS-OQ_Geoff-Tate,,,,,,
RMBS-OQ_Harold-Hughes,RMBS-OQ_Harold-Hughes-Jr,,,,,
RMBS-OQ_Ron-Black,RMBS-OQ_Ronald-Black,,,,,
RMD-N_Kieran-C-Gallahue,RMD-N_Kieran-Gallahue,,,,,
RMD-N_Peter-Farrell,RMD-N_Peter-Farrell-PhD,RMD-N_Dr-Peter-Farrell,RMD-N_Dr-Peter-Farrell-PhD,,,
RNOW-OxA12_Greg-Gianforte,,,,,,
ROCK-OQ_Brian-Lipke,,,,,,
ROG-N_Bob-Wachob,ROG-N_Robert-Wachob,,,,,
ROG-N_Bruce-Hoechner,,,,,,
ROH-NxD09_Raj-Gupta,ROH-NxD09_Rajiv-Gupta,,,,,
ROK-N_Keith-Nosbusch,,,,,,
ROL-N_Gary-Rollins,,,,,,
ROP-N_Brian-Jellison,,,,,,
ROSE-OxG15_Bill-Berilgen,,,,,,
ROSE-OxG15_Randy-Limbacher,,,,,,
ROST-OQ_Michael-Balmuth,,,,,,
RPM-N_Frank-C-Sullivan,RPM-N_Frank-Sullivan,,,,,
RRC-N_Jeff-Ventura,,,,,,
RRC-N_John-Pinkerton,,,,,,
RRD-N_Bob-Johnson,,,,,,
RRD-N_Dave-Shea,RRD-N_David-Shea,,,,,
RRD-N_Mark-Angelson,RRD-N_Mark-Angelton,,,,,
RRD-N_Phil-Kucera,RRD-N_Philip-Kucera,,,,,
RRD-N_Thomas-J-Quinlan-III,RRD-N_Thomas-Quinlan,RRD-N_Tom-Quinlan,,,,
RRGB-OQ_Dennis-Mullen,RRGB-OQ_Denny-Mullen,,,,,
RRGB-OQ_Michael-Snyder,RRGB-OQ_Mike-Snyder,,,,,
RRGB-OQ_Steve-Carley,,,,,,
RRTS-N_Mark-DiBlasi,,,,,,
RSCR-OxL10_Ralph-Gronefeld,RSCR-OxL10_Ralph-Gronefeld-Jr,,,,,
RSG-N_Don-Slager,,,,,,
RSG-N_James-E-OConnor,RSG-N_James-OConner,RSG-N_James-OConnor,RSG-N_Jim-OConnor,,,
RSTI-OxK16_Gunther-Braun,,,,,,
RSYS-OQ_Brian-Bronson,,,,,,
RSYS-OQ_Michel-Dagenais,RSYS-OQ_Mike-Dagenais,,,,,
RSYS-OQ_Scott-C-Grout,RSYS-OQ_Scott-Grout,,,,,
RT-N_Sandy-Beall,,,,,,
RTEC-N_Paul-McLaughlin,,,,,,
RTI-NxG15_Dawne-D-Hickton-Esq,RTI-NxG15_Dawne-Hickton,,,,,
RTI-NxG15_Tim-Rupert,RTI-NxG15_Timothy-Rupert,,,,,
RTN-N_Bill-Swanson,RTN-N_William-Bill-Swanson,RTN-N_William-Swanson,,,,
RUE-OQxJ13_Bob-Fisch,RUE-OQxJ13_Robert-Fisch,,,,,
RUTH-OQ_Craig-Miller,,,,,,
RUTH-OQ_Michael-ODonnell,RUTH-OQ_Mike-ODonnell,,,,,
RYLxJ15_Chad-Dreier,,,,,,
RYLxJ15_Larry-Nicholson,,,,,,
S-N_Gary-Forsee,,,,,,
SAF-NxI08_Mike-McGavick,,,,,,
SAF-NxI08_Paula-Reynolds,,,,,,
SAFM-OQ_Joe-Sanderson,SAFM-OQ_Joe-Sanderson-Jr,,,,,
SAPE-OxB15_Alan-Herrick,,,,,,
SAPE-OxB15_Jerry-Greenberg,,,,,,
SBIB-OxG11_Downey-Bridgewater,SBIB-OxG11_Downey-Bridgwater,SBIB-OxG11_Downy-Bridgwater,,,,
SCHL-OQ_Dick-Robinson,SCHL-OQ_Richard-Robinson,,,,,
SCHSQ-PKxF13_Dave-Vander-Zanden,SCHSQ-PKxF13_David-Vander-Zanden,,,,,
SCOR-PK_Dr-Magid-Abraham,SCOR-PK_Magid-Abraham,SCOR-PK_Magid-Abraham-PhD,SCOR-PK_Magid-M-Abraham,,,
SCVL-OQ_Cliff-Sifford,SCVL-OQ_Clifford-Sifford,,,,,
SExB17_Greg-Ebel,,,,,,
SFDxI13_C-Larry-Pope,SFDxI13_Larry-Pope,,,,,
SFDxI13_Joe-Luter,SFDxI13_Joseph-Luter,SFDxI13_Joseph-Luter-III,SFDxI13_Joseph-W-Luter,SFDxI13_Joseph-W-Luter-III,,
SFGxC16_Eric-Parsons,,,,,,
SFGxC16_Greg-Ness,,,,,,
SFNxI11_Roy-Krause,,,,,,
SGY-N_Dave-Welch,SGY-N_David-Welch,,,,,
SHAW-KxB13_JM-Bernard,SHAW-KxB13_JM-Bernhard,SHAW-KxB13_Jim-Bernhard,,,,
SHLD-OQ_Alan-Lacy,,,,,,
SIAL-OxK15_David-Harvey,,,,,,
SIAL-OxK15_Dr-Jai-Nagarkatti,SIAL-OxK15_Jai-Nagarkatti,SIAL-OxK15_Jai-P-Nagarkatti,,,,
SIAL-OxK15_Rakesh-Sachdev,,,,,,
SIGM-OQ_Thinh-Q-Tran,SIGM-OQ_Thinh-Tran,,,,,
SignatureGroupHoldingsInc_Louis-Rampino,,,,,,
SII-NxH10_Doug-Rock,SII-NxH10_Douglas-L-Rock,,,,,
SIRO-OxC16_Jost-Fischer,,,,,,
SIX-N_Jim-Reid-Anderson,,,,,,
SKSxK13_Brad-Martin,,,,,,
SKSxK13_Steve-Sadove,,,,,,
SLHxC16_Anthony-Aquila,SLHxC16_Tony-Aquila,,,,,
SLRxJ07_Mike-Cannon,,,,,,
SLXP-OxD15_Carolyn-Logan,,,,,,
SMAxL14_Brian-Moore,,,,,,
SMSI-OQ_Bill-Smith,SMSI-OQ_Bill-Smith-Jr,SMSI-OQ_William-Smith,SMSI-OQ_William-Smith-Jr,,,
SMTC-OQ_Mohan-Maheswaran,,,,,,
Smurfit_Pat-Moore,Smurfit_Patrick-Moore,,,,,
SNIC-OxB11_Bob-Doris,,,,,,
SNIC-OxB11_Dave-Habiger,SNIC-OxB11_David-Habiger,,,,,
SNPS-OQ_Aart-de-Geus,SNPS-OQ_Aart-de-Genus,SNPS-OQ_Aart-de-Gues,SNPS-OQ_Art-de-Geus,SNPS-OQ_Art-de-Gues,SNPS-OQ_Dr-Aart-de-Geus,
SNTS-OxA14_Gerald-Proehl,SNTS-OxA14_Gerry-Proehl,,,,,
SOAxG12_Jeff-Quinn,SOAxG12_Jeffry-Quinn,,,,,
SONO-OxC12_Kevin-Goodwin,,,,,,
SPAR-OQ_John-Sztykiel,,,,,,
SPB-N_David-Lumley,,,,,,
SPB-N_Kent-Hussey,,,,,,
SPLS-OQ_Ron-Sargent,SPLS-OQ_Ronald-Sargent,,,,,
SPOK-OQ_Vince-Kelly,SPOK-OQ_Vincent-Kelly,,,,,
SPSS-OxJ09_Jack-Noonan,,,,,,
SR-N_Suzanne-Sitherwood,,,,,,
SRAInternationalInc_Renato-DiPentima,SRAInternationalInc_Renny-DiPentima,,,,,
SRR-NxH07_David-Chamberlain,SRR-NxH07_David-Chamberlin,,,,,
SRT-N_Bill-Meade,,,,,,
SRT-N_Larry-Jones,,,,,,
SRT-N_Steve-Butler,SRT-N_Steven-Butler,,,,,
SRZxA13_Paul-Klaassen,SRZxA13_Paul-Klassen,,,,,
SSI-N_Andrew-Hall,SSI-N_Andy-Hall,,,,,
SSI-N_James-Scarborough,SSI-N_Jim-Scarborough,,,,,
SSI-N_Michael-Glazer,,,,,,
SSYS-OQ_Scott-Crump,SSYS-OQ_Scott-Krump,,,,,
STEI-OxL13_Ken-Budde,,,,,,
STEI-OxL13_Thomas-Crawford,STEI-OxL13_Tom-Crawford,,,,,
STEI-OxL13_William-Rowe,,,,,,
STJxA17_Dan-Stark,STJxA17_Dan-Starks,STJxA17_Daniel---Dan-Starks,,,,
STL-N_George-Strayton,,,,,,
STL-N_Jack-Kopnisky,,,,,,
STRI-PK_Dennis-Jilot,,,,,,
STRxI16_Keith-Rattie,,,,,,
STRxI16_Ron-Jibson,,,,,,
STSA-OxD14_Greg-Seibly,,,,,,
STSA-OxD14_Harold-Gilkey,,,,,,
SUNEQ-PK_Ahmad-Chatila,,,,,,
SUNEQ-PK_Nabeel-Gareeb,,,,,,
SUNxJ12_Lynn-Elsenhans,SUNxJ12_Lynn-Laverty-Elsenhans,,,,,
SUPX-OxD14_Dr-Henry-C-Pao,SUPX-OxD14_Dr-Henry-Pao,SUPX-OxD14_Henry-C-Pao,SUPX-OxD14_Henry-Pao,,,
SUSQ-OxH15_Bill-Reuter,SUSQ-OxH15_William-J-Reuter,SUSQ-OxH15_William-Reuter,,,,
SVM-NxG07_Pat-Spainhour,SVM-NxG07_Patrick-Spainhour,,,,,
SVR-FxA11_Ed-Evans,,,,,,
SVR-FxA11_Tony-Holcombe,,,,,,
SWCxE17_Francis-McAllister,SWCxE17_Francis-R-McAllister,SWCxE17_Frank-McAlliste,SWCxE17_Frank-McAllister,,,
SWIxB16_Kevin-Thompson,,,,,,
SWIxB16_Mike-Bennett,,,,,,
SWSxA15_Don-Hultgren,SWSxA15_Don-Hultren,SWSxA15_Donald-Hultgren,,,,
SWYxA15_Steve-Burd,SWYxA15_Steven-Burd,,,,,
SYxG10_John-Chen,,,,,,
TALX-OxE07_Bill-Canfield,TALX-OxE07_William-Canfield,,,,,
TAYC-OxH14_Mark-Hoppe,,,,,,
TBLxI11_Jeff-Swartz,TBLxI11_Jeffrey-Swartz,,,,,
TDW-N_Dean-Taylor,,,,,,
TEKxK07_Rick-Willis,TEKxK07_Rick-Wills,,,,,
TEN-N_Gregg--Sherrill,TEN-N_Gregg-Sherrill,,,,,
TEN-N_Mark-Frissora,TEN-N_Mark-P-Frissora,,,,,
TesseraTechnologiesInc_Bruce-McWilliams,,,,,,
TesseraTechnologiesInc_Hank-Nothaft,TesseraTechnologiesInc_Hank-Nothhaft,TesseraTechnologiesInc_Henry-Nothhaft,,,,
TesseraTechnologiesInc_Robert-Young,TesseraTechnologiesInc_Robert-Yung,,,,,
TExG16_John-Ramil,,,,,,
TExG16_Robert-Fagan,,,,,,
TExG16_Sherrill-Hudson,,,,,,
TGICQ-PK_Mark-Tonnesen,TGICQ-PK_Mark-Tonneson,,,,,
TGT-N_Gregg-Steinhafel,,,,,,
TGXxJ13_Christine-Jacobs,TGXxJ13_M-Christine-Jacobs,,,,,
THOR-OxJ15_Gary-Burbach,THOR-OxJ15_Gerhard-Burbach,,,,,
THQIQ-PKxH13_Brian-Farrell,THQIQ-PKxH13_Brian-J-Farrell,,,,,
TIBX-OxL14_Vinek-Ranadive,TIBX-OxL14_Vivek-Ranadiv,TIBX-OxL14_Vivek-Ranadive,,,,
TINxB12_Kenneth-Jastrow,TINxB12_Kenneth-Jastrow-II,TINxB12_Kenny-Jastrow,,,,
TJX-N_Carol-Meyrowitz,,,,,,
TKLC-OxA12_Frank-Plastina,,,,,,
TKLC-OxA12_Krish-Prabhu,,,,,,
TLAB-OxL13_Rob-Pullen,TLAB-OxL13_Robert-Pullen,,,,,
TNBxE12_Dominic-PIleggi,TNBxE12_Dominic-Pileggi,TNBxE12_Dominic-Pilleggi,,,,
TOL-N_Doug-Yearley,TOL-N_Douglas-Yearley,,,,,
TOPP-OxJ07_Arthur-Shorin,TOPP-OxJ07_Arthur-T-Shorin,,,,,
TQNT-OxA15_Ralph-Quinsey,,,,,,
TRA-NxD10_Michael-L-Bennett,TRA-NxD10_Mike-Bennett,,,,,
TRAD-OxF11_Bill-Cruz,TRAD-OxF11_William-Cruz,,,,,
TRAD-OxF11_Sal-Sredni,TRAD-OxF11_Salomon-Sredni,,,,,
TRAK-OxJ15_Mark-ONeil,,,,,,
TRCO-N_Dennis-FitzSimons,,,,,,
TRIDQ-PKxL12_Frank-Lin,,,,,,
TRLG-OxG13_Jeff-Lubell,TRLG-OxG13_Jeffrey-Lubell,,,,,
TSFG-OxJ10_Mack-Whittle,,,,,,
TSN-N_Donnie-Smith,,,,,,
TTC-N_Michael-Hoffman,TTC-N_Michael-J-Hoffman,TTC-N_Mike-Hoffman,,,,
TUES-OQ_Brady-Churches,,,,,,
TUES-OQ_Kathleen-Mason,,,,,,
TVTY-OQ_Ben-Leedle,,,,,,
TW-OxA16_John-Haley,,,,,,
TWB-NxK09_Michael-Rayden,TWB-NxK09_Mike-Rayden,,,,,
TWCxE16_Glenn-A-Britt,TWCxE16_Glenn-Brit,TWCxE16_Glenn-Britt,,,,
TWTC-OxK14_Larissa-Herda,,,,,,
TXIxG14_Mel-Brekhus,TXIxG14_Melvin-Brekhus,,,,,
UAA-N_Kevin-Plank,,,,,,
UAL-N_Glenn-Tilton,,,,,,
UAL-N_Jeff-Smisek,,,,,,
UCBHQ-PKxK11_Thomas-Wu,UCBHQ-PKxK11_Tommy-Wu,,,,,
UCBI-OQ_Jimmy-Tallent,,,,,,
UEIC-OQ_Paul-Arling,UEIC-OQ_Paul-D-Arling,,,,,
UFCS-OQ_Randy-Ramlo,,,,,,
UFI-N_Bill-Jasper,,,,,,
UFPI-OQ_Bill-Currie,,,,,,
UFPI-OQ_Matt-Missad,UFPI-OQ_Matthew-Missad,,,,,
UFPI-OQ_Michael-B-Glenn,UFPI-OQ_Michael-Glenn,UFPI-OQ_Mike-Glenn,,,,
UFS-TO_John-Williams,,,,,,
UFS-TO_Raymond-Royer,,,,,,
UGI-N_Lon-Greenberg,UGI-N_Lon-Greenburg,,,,,
UILxL15_Jim-Torgerson,,,,,,
UIS-N_Joe-McGrath,,,,,,
UIS-N_Larry-Weinbach,,,,,,
UMBF-OQ_J-Mariner-Kemper,UMBF-OQ_Mariner-Kemper,,,,,
UMPQ-OQ_Ray-Davis,UMPQ-OQ_Raymond-Ray-Davis,UMPQ-OQ_Raymond-Davis,,,,
UNF-N_Ron-Croatti,UNF-N_Ronald-Croatti,,,,,
UNFI-OQ_Michael-Funk,,,,,,
UNFI-OQ_Steve-Spinner,UNFI-OQ_Steven-Steve-Spinner,UNFI-OQ_Steven-Spinner,,,,
UNFI-OQ_Steve-Townsend,UNFI-OQ_Steven-Townsend,,,,,
UnitedHealthGroupInc_Anthony-Marlon,UnitedHealthGroupInc_Anthony-Marlon-MD,UnitedHealthGroupInc_Dr-Anthony-Marlon,,,,
UnitedHealthGroupInc_Stephen-Hemsley,,,,,,
UNM-N_Thomas-Watjen,UNM-N_Tom-Watjen,,,,,
UNP-N_Jack-Koraleski,,,,,,
UNP-N_James-Young,UNP-N_Jim-Young,,,,,
UNP-N_Richard-Davidson,,,,,,
UNSxH14_James-Pignatelli,UNSxH14_Jim-Pignatelli,,,,,
UNSxH14_Paul-Bonavia,UNSxH14_Paul-J-Bonavia,,,,,
UNT-N_Larry-Pinkston,,,,,,
UNTD-OxG16_Mark-Goldson,UNTD-OxG16_Mark-Goldston,,,,,
UPS-N_Mike-Eskew,,,,,,
UPS-N_Scott-Davis,,,,,,
URBN-OQ_Glen-Senk,URBN-OQ_Glen-T-Senk,,,,,
URI-N_Michael-Kneeland,URI-N_Mike-Kneeland,,,,,
URI-N_Wayland-Hicks,,,,,,
URSxJ14_Martin-Koffel,,,,,,
USB-N_Jerry-Grundhofer,,,,,,
USB-N_Richard-Davis,,,,,,
USG-N_Jim-Metcalf,,,,,,
USG-N_William-C-Foote,USG-N_William-Foote,,,,,
USNA-N_Dave-Wentz,USNA-N_David---Dave-Wentz,,,,,
UTEK-OQ_Art-Zafiropoulo,,,,,,
UTHR-OQ_Dr-Martine-Rothblatt,UTHR-OQ_Martine-Rothblatt,UTHR-OQ_Martine-Rothblatt-PhD,,,,
UTI-N_Kim-McWaters,UTI-N_Kimberly-McWaters,,,,,
UTX-N_George-David,,,,,,
UTX-N_Louis-Chenevert,,,,,,
V-N_Charlie-Scharf,,,,,,
V-N_Joe-Saunders,V-N_Joseph-Saunders,,,,,
VAC-N_Stephen-Weisz,VAC-N_Steve-Weisz,,,,,
VAL-N_Bill-Mansfield,VAL-N_William-Mansfield,,,,,
VAL-N_Gary-Hendrickson,,,,,,
VAL-N_Rich-Rompala,,,,,,
VAR-N_Dick-Levy,VAR-N_Richard-Levy,,,,,
VAR-N_Dow-Wilson,,,,,,
VAR-N_Tim-Guertin,VAR-N_Tim-Guerton,VAR-N_Timothy-Guertin,,,,
VAS-NxF07_Randy-Thurman,,,,,,
VC-N_Don-Stebbins,,,,,,
VC-N_Tim-Leuliette,,,,,,
VCIxB14_Alan-Schultz,,,,,,
VCIxB14_Gary-Mulloy,,,,,,
VDSI-OQ_Ken-Hunt,VDSI-OQ_Kendall-Hunt,VDSI-OQ_T-Kendall-Hunt,,,,
VECO-OQ_Ed-Braun,VECO-OQ_Edward-Braun,,,,,
VECO-OQ_John-Peeler,,,,,,
VFC-N_Eric-Wiseman,,,,,,
VFC-N_Mackey-McDonald,,,,,,
VIAB-OQ_Philippe-Dauman,VIAB-OQ_Phillippe-Dauman,,,,,
VIAB-OQ_Sumner-M-Redstone,VIAB-OQ_Sumner-Redstone,,,,,
VIAV-OQ_Thomas-Waechter,VIAV-OQ_Tom-Waechter,,,,,
VICR-OQ_Patrizio-Vinciarelli,,,,,,
VITL-OxK08_Terry-Wall,,,,,,
VLCM-OxF11_Richard-Woolcott,,,,,,
VLO-N_Bill-Klesse,,,,,,
VLO-N_William-Greehey,,,,,,
VLTR-OxJ13_Jeff-Staszak,VLTR-OxJ13_Jeff-Staszek,VLTR-OxJ13_Jeffrey-Staszak,,,,
VLY-N_Gerald-Lipkin,VLY-N_Gerry-Lipkin,,,,,
VMC-N_Don-James,VMC-N_Donald-Don-James,VMC-N_Donald-James,VMC-N_Donald-M-James,,,
VMI-N_Mogens-Bay,VMI-N_Mogens-C-Bay,VMI-N_Morgens-Bay,,,,
VMSI-OxB08_Chris-Gleeson,VMSI-OxB08_Christopher-Gleeson,,,,,
VOXX-OQ_John-Shalam,,,,,,
VOXX-OQ_Pat-Lavelle,VOXX-OQ_Patrick-Lavelle,,,,,
VRSN-OQ_Mark-McLaughin,VRSN-OQ_Mark-McLaughlin,,,,,
VRSN-OQ_Stratton-Sclavos,,,,,,
VRTU-OQ_Kris-Canekeratne,VRTU-OQ_Krishan-Canekeratne,,,,,
VRTX-OQ_Matt-Emmens,VRTX-OQ_Matthew-Emmens,,,,,
VSAT-OQ_Mark-Dankberg,,,,,,
VSEA-OxK11_Dick-Aurelio,VSEA-OxK11_Richard-A-Aurelio,VSEA-OxK11_Richard-Aurelio,,,,
VSH-N_Dr-Felix-Zandman,VSH-N_Felix-Zandman,,,,,
VSH-N_Dr-Gerald-Paul,VSH-N_Gerald-Paul,,,,,
VSI-N_Tom-Tolworthy,,,,,,
VSI-N_Tony-Truesdale,,,,,,
VTIV-OxH10_Eran-Broshy,,,,,,
VVC-N_Carl-Chapman,,,,,,
VVC-N_Neil-Ellerbrook,VVC-N_Niel-Ellerbrook,,,,,
VVI-N_Bob-Bohannon,VVI-N_Robert-Bohannon,,,,,
VVI-N_Paul-Dykstra,,,,,,
VVI-N_Phil-Milne,,,,,,
VZ-N_Ivan-Seidenberg,,,,,,
WAB-N_Al-Neupaver,WAB-N_Albert-Neupaver,,,,,
WalgreenCo_Greg-Wasson,,,,,,
WalgreenCo_Jeff-Rein,,,,,,
WAMUQ-PKxC12_Kerry-Killinger,,,,,,
WAT-N_Doug-Berthiaume,WAT-N_Douglas-Berthiaume,WAT-N_Douglas-Bethiaume,,,,
WBS-N_James-C-Smith,WBS-N_James-Smith,WBS-N_Jim-Smith,,,,
WCG-N_Alec-Cunningham,,,,,,
WCG-N_Heath-Schiesser,,,,,,
WCG-N_Todd-Farha,,,,,,
WDC-OQ_Arif-Shakeel,,,,,,
WDC-OQ_John-Coyne,,,,,,
WDC-OQ_Matt-Massengill,WDC-OQ_Matthew-Massengill,,,,,
WDFC-OQ_Garry-O-Ridge,WDFC-OQ_Garry-Ridge,,,,,
WDR-N_Hank-Hermann,WDR-N_Hank-Herrmann,,,,,
WDR-N_Keith-Tucker,,,,,,
WEC-N_Gale-Klappa,,,,,,
WEN-OQ_Emil-Brolick,,,,,,
WEN-OQ_Jack-Schuessler,,,,,,
WEX-N_Mike-Dubyak,,,,,,
WFC-N_Dick-Kovacevich,,,,,,
WFC-N_John-Stumpf,,,,,,
WFM-OQ_John-Mackey,,,,,,
WFM-OQ_Walter-Robb,,,,,,
WGL-N_James-DeGraffenreidt,WGL-N_James-DeGraffenreidt-Jr,WGL-N_James-Degraffenreidt,WGL-N_James-H-DeGraffenreidt,,,
WGL-N_Terry-McCallister,WGL-N_Terry-McCallister,,,,,
WGO-N_Bob-Olson,,,,,,
WGO-N_Bruce-Hertzke,,,,,,
WGO-N_Randy-Potts,,,,,,
WHQ-NxH08_Ken-White,WHQ-NxH08_Kenneth-T-White,WHQ-NxH08_Kenneth-White,,,,
WHR-N_Jeff-Fetig,WHR-N_Jeff-Fettig,,,,,
WIBC-OxH16_Joanne-Kim,,,,,,
WIBC-OxH16_JW-Yoo,WIBC-OxH16_Jae-Whan-Yoo,,,,,
WilmingtonTrustCorp_Robert-Bob-Wilmer,,,,,,
WilmingtonTrustCorp_Ted-Cecala,,,,,,
WINN-OxC12_Peter-Lynch,,,,,,
WIRE-OQ_Daniel-Jones,,,,,,
WLVTQ-PKxF11_Dennis-Horowitz,WLVTQ-PKxF11_Dennis-J-Horowitz,,,,,
WM-N_Dave-Steiner,WM-N_David-Steiner,,,,,
WMANQ-OBxB09_Thomas-Duff,WMANQ-OBxB09_Tom-Duff,,,,,
WMB-N_Alan-Armstrong,,,,,,
WMB-N_Steve-Malcolm,,,,,,
WN_Hank-Hermann,,,,,,
WN_Keith-Tucker,,,,,,
WNC-N_Bill-Greubel,WNC-N_William-Greubel,,,,,
WNC-N_Dick-Giromini,WNC-N_Richard-Dick-Giromini,WNC-N_Richard-Giromini,,,,
WOOF-OQ_Bob-Antin,WOOF-OQ_Robert-Antin,,,,,
WPPxA16_Hank-Newell,,,,,,
WPPxA16_Thom-Howatt,WPPxA16_Thomas-Howatt,WPPxA16_Tom-Howatt,,,,
WR-N_Bill-Moore,WR-N_William-B-Moore,WR-N_William-Moore,,,,
WR-N_James-Haines,WR-N_Jim-Haines,,,,,
WR-N_Mark-Ruelle,,,,,,
WRB-N_W-R-Berkley,WRB-N_William-Berkley,WRB-N_William-Berkley,WRB-N_William-R-Berkeley,WRB-N_William-R-Berkley,,
WRCxB13_Joe-Gromek,WRCxB13_Joseph-Gromek,,,,,
WRLD-OQ_A-Alexander-Sandy-McLean,WRLD-OQ_Alexander-McLean-III,WRLD-OQ_Sandy-McLean,,,,
WRLD-OQ_Doug-Jones,,,,,,
WSM-N_Ed-Mueller,,,,,,
WSM-N_Howard-Lester,,,,,,
WSM-N_Laura-Alber,,,,,,
WSO-N_Al-Nahmad,WSO-N_Albert-Nahmad,,,,,
WST-N_Don-Morel,WST-N_Don-Morel-Jr-PhD,WST-N_Donald-Morel,WST-N_Dr-Don-Morel,,,
WTFC-OQ_Ed-Wehmer,WTFC-OQ_Edward-Wehmer,,,,,
WTR-N_Nicholas-DeBenedictis,WTR-N_Nick-DeBenedictis,,,,,
WTS-N_David-Coghlan,,,,,,
WTS-N_Pat-OKeefe,WTS-N_Patrick-OKeefe,,,,,
WTSLQ-PKxA16_Ed-Thomas,WTSLQ-PKxA16_Edmond-Thomas,WTSLQ-PKxA16_Edmund-S-Thomas,,,,
WTW-N_Linda-Huett,,,,,,
WU-N_Christina-Gold,WU-N_Cristina-Gold,,,,,
WU-N_Hikmet-Ersek,,,,,,
WWD-OQ_Thomas-Gendron,WWD-OQ_Tom-Gendrom,WWD-OQ_Tom-Gendron,,,,
WWW-N_Blake-Krueger,,,,,,
WWW-N_Tim-ODonovan,,,,,,
WY-N_Doyle-Simons,,,,,,
WY-N_Steve-Rogel,WY-N_Steven-Rogel,,,,,
WYExJ09_Bob-Essner,WYExJ09_Robert-Essner,,,,,
WYN-N_Stephen-Holmes,WYN-N_Steve-Holmes,,,,,
WYNN-OQ_Stephen-Wynn,WYNN-OQ_Steve-Wynn,,,,,
X-N_John-Surma,,,,,,
X-N_Thomas-Usher,X-N_Tom-Usher,,,,,
XCRA-OQ_David-Tacelli,,,,,,
XEC-N_Mick-Merelli,,,,,,
XEC-N_Tom-Jorden,,,,,,
XEL-N_Ben-Fowke,,,,,,
XLNX-OQ_Willem-Roelandts,XLNX-OQ_Willem-Wim-Roelandts,XLNX-OQ_Wim-Roelandts,,,,
XOXO-N_Daivd-Liu,XOXO-N_David-Liu,,,,,
XRAY-OQ_Bret-W-Wise,XRAY-OQ_Bret-Wise,,,,,
XRAY-OQ_Gary-Kunkle,,,,,,
XRIT-OxE12_Michael-Ferrara,XRIT-OxE12_Michael-Ferrera,XRIT-OxE12_Mike-Ferrara,,,,
XRIT-OxE12_Thom-Vacchiano,XRIT-OxE12_Thomas-J-Vacchiano,XRIT-OxE12_Thomas-Vacchiano,XRIT-OxE12_Tom-Vacchiano,,,
XRX-N_Anne-Mulcahy,,,,,,
XRX-N_Ursula-Burns,,,,,,
XTOxF10_Bob-Simpson,,,,,,
XXIA-OxD17_Atul-Bhatnagar,,,,,,
XYL-N_Gretchen-McClain,,,,,,
XYL-N_Patrick-Decker,,,,,,
XYL-N_Steve-Loranger,XYL-N_Steven-Loranger,,,,,
Y-N_Bob-Orlich,,,,,,
YHOO-OQ_Jerry-Yang,,,,,,
YHOO-OQ_Marissa-Mayer,,,,,,
YHOO-OQ_Terry-Semel,,,,,,
YRCW-OQ_Bill-Zollars,,,,,,
YUM-N_David-Novak,,,,,,
ZBH-N_Dave-Dvorak,ZBH-N_David-Dvorak,,,,,
ZBRA-OQ_Anders-Gustafsson,,,,,,
ZBRA-OQ_Ed-Kaplan,ZBRA-OQ_Edward-Kaplan,,,,,
ZEUS-OQ_Michael-D-Siegal,ZEUS-OQ_Michael-Siegal,ZEUS-OQ_Michael-Siegel,ZEUS-OQ_Mike-Siegal,,,
ZION-OQ_Harris-Simmons,,,,,,
ZIXI-OQ_Rick-Spurr,,,,,,
ZLCxE14_Mary-Forte,,,,,,
ZOLL-OxD12_Richard-Packer,ZOLL-OxD12_Rick-Packer,,,,,
ZTS-N_Juan-Ramon-Alaix,,,,,,
ZUMZ-OQ_Richard-Rick-Brooks,ZUMZ-OQ_Richard-Brooks,ZUMZ-OQ_Richard-M-Brooks-Jr,ZUMZ-OQ_Rick-Brooks,,,
